date,protocol_id,protocol,sector,measure,cleanliness_0_100,days_checked,gaps,isolated_spikes,isolated_drops,revisions,flagged_days
2026-10-06,1inch,1INCH,DEX Aggregator,fees,96.2,79,0,1,0,2,2026-07-21:10.64
2026-10-06,1inch,1INCH,DEX Aggregator,revenue_to_holders,100.0,79,0,0,0,0,
2026-10-06,1inch,1INCH,DEX Aggregator,revenue,96.2,79,0,1,0,2,2026-07-21:9.34
2026-10-06,1inch,1INCH,DEX Aggregator,dex_volume,100.0,90,0,0,0,0,
2026-10-06,aave,Aave,Lending,fees,100.0,90,0,0,0,0,
2026-10-06,aave,Aave,Lending,revenue_to_holders,100.0,90,0,0,0,0,
2026-10-06,aave,Aave,Lending,revenue,98.9,90,0,0,0,1,
2026-10-06,aave,Aave,Lending,value_locked,100.0,90,0,0,0,0,
2026-10-06,aave-horizon-rwa,Aave Horizon RWA,Lending,value_locked,100.0,90,0,0,0,0,
2026-10-06,aave-v2,Aave V2,Lending,fees,93.3,90,0,0,0,6,
2026-10-06,aave-v2,Aave V2,Lending,revenue_to_holders,100.0,90,0,0,0,0,
2026-10-06,aave-v2,Aave V2,Lending,revenue,92.2,90,0,0,0,7,
2026-10-06,aave-v2,Aave V2,Lending,value_locked,100.0,90,0,0,0,0,
2026-10-06,aave-v4,Aave V4,Lending,fees,97.8,90,0,0,0,2,
2026-10-06,aave-v4,Aave V4,Lending,revenue_to_holders,100.0,90,0,0,0,0,
2026-10-06,aave-v4,Aave V4,Lending,revenue,98.9,90,0,0,0,1,
2026-10-06,aave-v4,Aave V4,Lending,value_locked,100.0,90,0,0,0,0,
2026-10-06,aera-v3,Aera V3,Onchain Capital Allocator,fees,94.4,90,0,1,0,4,2026-07-14:5.55
2026-10-06,aera-v3,Aera V3,Onchain Capital Allocator,revenue,94.4,90,0,1,0,4,2026-07-14:5.54
2026-10-06,aera-v3,Aera V3,Onchain Capital Allocator,value_locked,100.0,90,0,0,0,0,
2026-10-06,aerodrome-finance,Aerodrome Finance,DEXs,fees,96.7,90,0,1,0,2,2026-09-09:27.83
2026-10-06,aerodrome-finance,Aerodrome Finance,DEXs,revenue_to_holders,97.8,90,0,1,0,1,2026-09-09:38.46
2026-10-06,aerodrome-finance,Aerodrome Finance,DEXs,revenue,96.7,90,0,1,0,2,2026-09-09:38.46
2026-10-06,aerodrome-finance,Aerodrome Finance,DEXs,dex_volume,98.9,90,0,0,0,1,
2026-10-06,aerodrome-slipstream,Aerodrome Slipstream,DEXs,fees,91.1,90,0,1,0,7,2026-09-09:32.55
2026-10-06,aerodrome-slipstream,Aerodrome Slipstream,DEXs,revenue_to_holders,91.1,90,0,1,0,7,2026-09-09:43.66
2026-10-06,aerodrome-slipstream,Aerodrome Slipstream,DEXs,revenue,91.1,90,0,1,0,7,2026-09-09:43.66
2026-10-06,aerodrome-slipstream,Aerodrome Slipstream,DEXs,value_locked,93.3,90,0,0,0,6,
2026-10-06,aerodrome-slipstream,Aerodrome Slipstream,DEXs,dex_volume,98.9,90,0,0,0,1,
2026-10-06,aerodrome-v1,Aerodrome V1,DEXs,fees,95.6,90,0,0,0,4,
2026-10-06,aerodrome-v1,Aerodrome V1,DEXs,revenue_to_holders,93.3,90,0,2,0,4,2026-08-12:6.39; 2026-09-30:6.19
2026-10-06,aerodrome-v1,Aerodrome V1,DEXs,revenue,93.3,90,0,2,0,4,2026-08-12:6.39; 2026-09-30:6.19
2026-10-06,aerodrome-v1,Aerodrome V1,DEXs,value_locked,100.0,90,0,0,0,0,
2026-10-06,aerodrome-v1,Aerodrome V1,DEXs,dex_volume,100.0,90,0,0,0,0,
2026-10-06,aevo-perps,Aevo Perps,Derivatives,value_locked,100.0,90,0,0,0,0,
2026-10-06,afx-lp,AFX LP,Derivatives,value_locked,43.2,81,46,0,0,0,
2026-10-06,algorand,Algorand,Chains,fees,90.0,90,0,1,0,8,2026-08-20:8.16
2026-10-06,algorand,Algorand,Chains,stablecoin_supply,100.0,90,0,0,0,0,
2026-10-06,algorand,Algorand,Chains,value_locked,94.4,90,0,0,0,5,
2026-10-06,anemoy-capital,Anemoy Capital,RWA tokenized treasuries,value_locked,100.0,90,0,0,0,0,
2026-10-06,apex-omni,Apex Omni,Derivatives,fees,97.8,90,2,0,0,0,
2026-10-06,apex-omni,Apex Omni,Derivatives,revenue_to_holders,97.8,90,2,0,0,0,
2026-10-06,apex-omni,Apex Omni,Derivatives,revenue,97.8,90,2,0,0,0,
2026-10-06,apex-omni,Apex Omni,Derivatives,value_locked,100.0,90,0,0,0,0,
2026-10-06,aptos,Aptos,Chains,fees,100.0,90,0,0,0,0,
2026-10-06,aptos,Aptos,Chains,stablecoin_supply,100.0,90,0,0,0,0,
2026-10-06,aptos,Aptos,Chains,value_locked,97.8,90,0,0,0,2,
2026-10-06,arbitrum,Arbitrum,Chains,fees,100.0,90,0,0,0,0,
2026-10-06,arbitrum,Arbitrum,Chains,stablecoin_supply,100.0,90,0,0,0,0,
2026-10-06,arbitrum,Arbitrum,Chains,transactions,98.9,90,1,0,0,0,
2026-10-06,arbitrum,Arbitrum,Chains,value_locked,50.0,90,0,0,0,45,
2026-10-06,arcus-perps,Arcus Perps,Derivatives,fees,100.0,62,0,0,0,0,
2026-10-06,arcus-perps,Arcus Perps,Derivatives,revenue,100.0,62,0,0,0,0,
2026-10-06,arcus-perps,Arcus Perps,Derivatives,value_locked,100.0,89,0,0,0,0,
2026-10-06,armitage-by-wintermute,Armitage by Wintermute,Risk Curators,fees,94.4,90,0,0,0,5,
2026-10-06,armitage-by-wintermute,Armitage by Wintermute,Risk Curators,revenue,93.3,90,0,0,0,6,
2026-10-06,armitage-by-wintermute,Armitage by Wintermute,Risk Curators,value_locked,100.0,90,0,0,0,0,
2026-10-06,aster-bridge,Aster Bridge,Liquidity bridges,value_locked,100.0,90,0,0,0,0,
2026-10-06,aster-usdf,Aster USDF,Basis Trading,value_locked,100.0,90,0,0,0,0,
2026-10-06,augur,Augur,Prediction Market,value_locked,100.0,90,0,0,0,0,
2026-10-06,avalanche-2,Avalanche,Chains,fees,92.2,90,0,0,0,7,
2026-10-06,avalanche-2,Avalanche,Chains,stablecoin_supply,100.0,90,0,0,0,0,
2026-10-06,avalanche-2,Avalanche,Chains,value_locked,97.8,90,0,0,0,2,
2026-10-06,avalanche-core-bridge,Avalanche Core Bridge,Canonical Bridge,value_locked,100.0,90,0,0,0,0,
2026-10-06,avalon-superearn,Avalon Superearn,Yield,value_locked,100.0,90,0,0,0,0,
2026-10-06,avant-avusd,Avant avUSD,Onchain Capital Allocator,fees,100.0,90,0,0,0,0,
2026-10-06,avant-avusd,Avant avUSD,Onchain Capital Allocator,revenue,97.8,90,0,0,0,2,
2026-10-06,avant-avusd,Avant avUSD,Onchain Capital Allocator,value_locked,100.0,90,0,0,0,0,
2026-10-06,axelar,Axelar,Messaging bridges,fees,93.3,90,0,0,0,6,
2026-10-06,axelar,Axelar,Messaging bridges,revenue_to_holders,100.0,90,0,0,0,0,
2026-10-06,axelar,Axelar,Messaging bridges,revenue,100.0,90,0,0,0,0,
2026-10-06,axelar,Axelar,Messaging bridges,value_locked,100.0,90,0,0,0,0,
2026-10-06,azuro,Azuro,Prediction Market,fees,97.8,90,1,1,0,0,2026-07-26:29.21
2026-10-06,azuro,Azuro,Prediction Market,revenue,97.8,90,1,1,0,0,2026-07-26:29.21
2026-10-06,azuro,Azuro,Prediction Market,value_locked,100.0,90,0,0,0,0,
2026-10-06,azverse-perps,AZverse Perps,Derivatives,fees,96.7,90,3,0,0,0,
2026-10-06,azverse-perps,AZverse Perps,Derivatives,revenue,96.7,90,3,0,0,0,
2026-10-06,azverse-perps,AZverse Perps,Derivatives,value_locked,100.0,68,0,0,0,0,
2026-10-06,b14g,b14g,Restaking,fees,95.6,90,0,0,0,4,
2026-10-06,b14g,b14g,Restaking,revenue,94.4,90,0,0,0,5,
2026-10-06,b14g,b14g,Restaking,value_locked,100.0,90,0,0,0,0,
2026-10-06,b2-buzz,B2 Buzz,Canonical Bridge,value_locked,100.0,90,0,0,0,0,
2026-10-06,b2b,B2B,Algo-Stables,value_locked,100.0,90,0,0,0,0,
2026-10-06,babylon-protocol,Babylon Protocol,Restaking,value_locked,100.0,90,0,0,0,0,
2026-10-06,base,Base,Chains,stablecoin_supply,100.0,90,0,0,0,0,
2026-10-06,base,Base,Chains,transactions,98.9,90,1,0,0,0,
2026-10-06,base-bridge,Base Bridge,Canonical Bridge,value_locked,100.0,90,0,0,0,0,
2026-10-06,basis-cash,Basis Cash,Algo-Stables,value_locked,100.0,90,0,0,0,0,
2026-10-06,bedrock-token,Bedrock,Anchor BTC,fees,92.2,90,0,7,0,0,2026-07-17:77.75; 2026-07-27:7.43; 2026-08-16:106.84; 2026-08-24:208.35; 2026-09-08:161.34; 2026-09-24:131.55; 2026-10-01:119.19
2026-10-06,bedrock-token,Bedrock,Anchor BTC,revenue_to_holders,100.0,90,0,0,0,0,
2026-10-06,bedrock-token,Bedrock,Anchor BTC,revenue,87.8,90,0,11,0,0,2026-07-12:12.98; 2026-07-17:78.21; 2026-07-27:59.63; 2026-07-30:31.94; 2026-08-13:10.79; 2026-08-16:37.97; 2026-08-24:121.76; 2026-09-08:110.97; 2026-09-16:153.83; 2026-09-24:125.13; 2026-10-01:112.92
2026-10-06,bedrock-unibtc,Bedrock uniBTC,Anchor BTC,fees,97.8,90,0,2,0,0,2026-08-13:512.0; 2026-08-18:10.02
2026-10-06,bedrock-unibtc,Bedrock uniBTC,Anchor BTC,revenue_to_holders,100.0,90,0,0,0,0,
2026-10-06,bedrock-unibtc,Bedrock uniBTC,Anchor BTC,revenue,97.8,90,0,2,0,0,2026-08-13:512.0; 2026-08-18:10.02
2026-10-06,bedrock-unibtc,Bedrock uniBTC,Anchor BTC,value_locked,100.0,90,0,0,0,0,
2026-10-06,beefy,Beefy,Yield Aggregator,fees,96.7,90,1,2,0,0,2026-08-07:5.97; 2026-09-04:6.21
2026-10-06,beefy,Beefy,Yield Aggregator,revenue_to_holders,96.7,90,1,2,0,0,2026-08-07:5.97; 2026-09-04:6.22
2026-10-06,beefy,Beefy,Yield Aggregator,revenue,96.7,90,1,2,0,0,2026-08-07:5.98; 2026-09-04:6.21
2026-10-06,beefy,Beefy,Yield Aggregator,value_locked,100.0,90,0,0,0,0,
2026-10-06,benqi-lending,Benqi Lending,Lending,fees,92.2,90,0,0,0,7,
2026-10-06,benqi-lending,Benqi Lending,Lending,revenue_to_holders,100.0,90,0,0,0,0,
2026-10-06,benqi-lending,Benqi Lending,Lending,revenue,93.3,90,0,0,0,6,
2026-10-06,benqi-lending,Benqi Lending,Lending,value_locked,100.0,90,0,0,0,0,
2026-10-06,benqi-staked-avax,Benqi Staked Avax,Liquid Staking,fees,88.9,90,0,5,0,5,2026-07-18:10.84; 2026-08-15:5.45; 2026-08-30:5.25; 2026-09-14:5.45; 2026-09-29:5.81
2026-10-06,benqi-staked-avax,Benqi Staked Avax,Liquid Staking,revenue_to_holders,100.0,90,0,0,0,0,
2026-10-06,benqi-staked-avax,Benqi Staked Avax,Liquid Staking,revenue,88.9,90,0,5,0,5,2026-07-18:10.84; 2026-08-15:5.45; 2026-08-30:5.25; 2026-09-14:5.45; 2026-09-29:5.81
2026-10-06,benqi-staked-avax,Benqi Staked Avax,Liquid Staking,value_locked,100.0,90,0,0,0,0,
2026-10-06,binance-bitcoin,Binance Bitcoin,Liquidity bridges,value_locked,100.0,90,0,0,0,0,
2026-10-06,binance-staked-eth,Binance staked ETH,Liquid Staking,fees,95.6,90,0,0,0,4,
2026-10-06,binance-staked-eth,Binance staked ETH,Liquid Staking,revenue,95.6,90,0,0,0,4,
2026-10-06,binance-staked-eth,Binance staked ETH,Liquid Staking,value_locked,100.0,90,0,0,0,0,
2026-10-06,binance-staked-sol,Binance Staked SOL,Liquid Staking,fees,76.7,90,3,18,0,0,2026-07-10:386.76; 2026-07-12:384.33; 2026-07-14:1641.54; 2026-07-16:1605.6; 2026-07-18:1610.63; 2026-07-20:1362.19; 2026-07-22:412.85; 2026-07-25:258.92; 2026-07-27:252.23; 2026-07-29:257.18; 2026-07-31:252.71; 2026-08-02:251.13; 2026-08-04:251.74; 2026-08-06:488.05; 2026-08-08:408.9; 2026-08-10:371.45; 2026-08-13:371.85; 2026-08-15:376.96
2026-10-06,binance-staked-sol,Binance Staked SOL,Liquid Staking,revenue,76.7,90,3,18,0,0,2026-07-10:71.5; 2026-07-12:70.35; 2026-07-14:299.8; 2026-07-16:293.95; 2026-07-18:294.76; 2026-07-20:136.22; 2026-07-22:45.16; 2026-07-25:25.92; 2026-07-27:25.26; 2026-07-29:28.73; 2026-07-31:25.27; 2026-08-02:26.64; 2026-08-04:25.18; 2026-08-06:48.81; 2026-08-08:40.89; 2026-08-10:37.14; 2026-08-13:37.2; 2026-08-15:46.34
2026-10-06,binance-staked-sol,Binance Staked SOL,Liquid Staking,value_locked,100.0,90,0,0,0,0,
2026-10-06,binancecoin,BNB,Chains,fees,100.0,90,0,0,0,0,
2026-10-06,binancecoin,BNB,Chains,stablecoin_supply,100.0,90,0,0,0,0,
2026-10-06,binancecoin,BNB,Chains,value_locked,97.8,90,0,0,0,2,
2026-10-06,bitcoin,Bitcoin,Chains,fees,98.9,90,1,0,0,0,
2026-10-06,bitcoin,Bitcoin,Chains,value_locked,98.9,90,0,0,0,1,
2026-10-06,bitcoin-cash,Bitcoin Cash,Chains,fees,98.9,90,1,0,0,0,
2026-10-06,bitcoin-cash,Bitcoin Cash,Chains,value_locked,100.0,90,0,0,0,0,
2026-10-06,bitfi-basis,BitFi Basis,Basis Trading,fees,92.2,90,0,2,0,5,2026-08-12:40.32; 2026-09-19:5.9
2026-10-06,bitfi-basis,BitFi Basis,Basis Trading,revenue,100.0,90,0,0,0,0,
2026-10-06,bitfi-basis,BitFi Basis,Basis Trading,value_locked,100.0,90,0,0,0,0,
2026-10-06,bitget-bgbtc,Bitget bgBTC,Liquidity bridges,value_locked,100.0,90,0,0,0,0,
2026-10-06,bittensor,Bittensor,Chains,stablecoin_supply,100.0,90,0,0,0,0,
2026-10-06,bittensor,Bittensor,Chains,value_locked,97.8,90,0,0,0,2,
2026-10-06,bittensor-dtao,Bittensor dTAO,DEXs,value_locked,100.0,18,0,0,0,0,
2026-10-06,bitwise-uscc,Bitwise USCC,Basis Trading,fees,93.3,90,0,6,0,0,2026-07-23:15.0; 2026-08-05:26.26; 2026-08-07:37.68; 2026-08-17:16.24; 2026-08-28:13.12; 2026-09-22:7.73
2026-10-06,bitwise-uscc,Bitwise USCC,Basis Trading,revenue,100.0,90,0,0,0,0,
2026-10-06,bitwise-uscc,Bitwise USCC,Basis Trading,value_locked,100.0,90,0,0,0,0,
2026-10-06,blackrock-buidl,BlackRock BUIDL,RWA tokenized treasuries,fees,92.2,90,7,0,0,0,
2026-10-06,blackrock-buidl,BlackRock BUIDL,RWA tokenized treasuries,revenue_to_holders,92.2,90,7,0,0,0,
2026-10-06,blackrock-buidl,BlackRock BUIDL,RWA tokenized treasuries,revenue,92.2,90,7,0,0,0,
2026-10-06,blackrock-buidl,BlackRock BUIDL,RWA tokenized treasuries,value_locked,76.7,90,21,0,0,0,
2026-10-06,blend-pools-v2,Blend Pools V2,Lending,fees,100.0,90,0,0,0,0,
2026-10-06,blend-pools-v2,Blend Pools V2,Lending,revenue_to_holders,100.0,90,0,0,0,0,
2026-10-06,blend-pools-v2,Blend Pools V2,Lending,revenue,100.0,90,0,0,0,0,
2026-10-06,blend-pools-v2,Blend Pools V2,Lending,value_locked,98.9,90,1,0,0,0,
2026-10-06,blindex,Blindex,Algo-Stables,value_locked,100.0,90,0,0,0,0,
2026-10-06,blockchain-capital,Blockchain Capital,RWA other,fees,92.2,90,7,0,0,0,
2026-10-06,blockchain-capital,Blockchain Capital,RWA other,revenue_to_holders,92.2,90,7,0,0,0,
2026-10-06,blockchain-capital,Blockchain Capital,RWA other,revenue,92.2,90,7,0,0,0,
2026-10-06,blockchain-capital,Blockchain Capital,RWA other,value_locked,76.7,90,21,0,0,0,
2026-10-06,blur,,NFT Marketplace,fees,100.0,90,0,0,0,0,
2026-10-06,blur,,NFT Marketplace,revenue,100.0,90,0,0,0,0,
2026-10-06,brickken,Brickken,RWA other,value_locked,100.0,90,0,0,0,0,
2026-10-06,buzz-farming,Buzz Farming,Farm,value_locked,100.0,90,0,0,0,0,
2026-10-06,bybit-staked-sol,Bybit Staked SOL,Liquid Staking,fees,76.7,90,3,18,0,0,2026-07-10:60.54; 2026-07-12:61.61; 2026-07-14:102.91; 2026-07-16:97.64; 2026-07-18:100.76; 2026-07-20:97.43; 2026-07-22:100.48; 2026-07-25:559.96; 2026-07-27:718.08; 2026-07-29:836.13; 2026-07-31:830.21; 2026-08-02:672.13; 2026-08-04:432.97; 2026-08-06:186.48; 2026-08-08:194.83; 2026-08-10:195.58; 2026-08-13:40.04; 2026-08-15:37.01
2026-10-06,bybit-staked-sol,Bybit Staked SOL,Liquid Staking,revenue,83.3,90,3,12,0,0,2026-07-14:5.48; 2026-07-18:6.16; 2026-07-22:8.38; 2026-07-25:28.17; 2026-07-27:36.03; 2026-07-29:45.95; 2026-07-31:45.62; 2026-08-02:34.8; 2026-08-04:21.85; 2026-08-06:9.34; 2026-08-08:9.78; 2026-08-10:11.05
2026-10-06,bybit-staked-sol,Bybit Staked SOL,Liquid Staking,value_locked,100.0,90,0,0,0,0,
2026-10-06,cap,cap,Lending,fees,96.7,90,0,0,0,3,
2026-10-06,cap,cap,Lending,revenue_to_holders,100.0,90,0,0,0,0,
2026-10-06,cap,cap,Lending,revenue,90.0,90,0,4,0,5,2026-07-13:276.47; 2026-07-28:5.31; 2026-08-03:5.58; 2026-09-07:6.55
2026-10-06,cap,cap,Lending,value_locked,100.0,90,0,0,0,0,
2026-10-06,cardano,Cardano,Chains,fees,100.0,90,0,0,0,0,
2026-10-06,cardano,Cardano,Chains,stablecoin_supply,27.8,90,0,0,0,65,
2026-10-06,cardano,Cardano,Chains,value_locked,52.2,90,0,0,0,43,
2026-10-06,ccip,CCIP,Messaging bridges,value_locked,100.0,90,0,0,0,0,
2026-10-06,celestia,Celestia,Data availability,fees,100.0,90,0,0,0,0,
2026-10-06,celestia,Celestia,Data availability,value_locked,100.0,90,0,0,0,0,
2026-10-06,centrifuge-protocol,Centrifuge Protocol,RWA private credit,fees,97.8,90,0,2,0,0,2026-07-13:5.49; 2026-09-08:6.5
2026-10-06,centrifuge-protocol,Centrifuge Protocol,RWA private credit,revenue_to_holders,100.0,90,0,0,0,0,
2026-10-06,centrifuge-protocol,Centrifuge Protocol,RWA private credit,revenue,100.0,90,0,0,0,0,
2026-10-06,centrifuge-protocol,Centrifuge Protocol,RWA private credit,value_locked,76.7,90,21,0,0,0,
2026-10-06,chainlink,Chainlink,Messaging bridges,fees,82.2,90,0,13,0,3,2026-07-09:156.31; 2026-07-16:180.04; 2026-07-23:185.89; 2026-07-30:172.44; 2026-08-06:149.21; 2026-08-13:101.18; 2026-08-20:61.86; 2026-08-27:53.99; 2026-09-03:121.53; 2026-09-10:307.11; 2026-09-17:271.11; 2026-09-24:222.85; 2026-10-01:211.84
2026-10-06,chainlink,Chainlink,Messaging bridges,revenue_to_holders,100.0,90,0,0,0,0,
2026-10-06,chainlink,Chainlink,Messaging bridges,revenue,100.0,90,0,0,0,0,
2026-10-06,cian-yield-layer,CIAN Yield Layer,Yield Aggregator,fees,97.8,90,0,0,0,2,
2026-10-06,cian-yield-layer,CIAN Yield Layer,Yield Aggregator,revenue,97.8,90,0,0,0,2,
2026-10-06,cian-yield-layer,CIAN Yield Layer,Yield Aggregator,value_locked,100.0,90,0,0,0,0,
2026-10-06,circle-bitcoin,Circle Bitcoin,Liquidity bridges,value_locked,100.0,90,0,0,0,0,
2026-10-06,circle-usyc,Circle USYC,RWA tokenized treasuries,fees,92.2,90,7,0,0,0,
2026-10-06,circle-usyc,Circle USYC,RWA tokenized treasuries,value_locked,76.7,90,21,0,0,0,
2026-10-06,clearstar,Clearstar,Risk Curators,fees,96.7,90,0,0,0,3,
2026-10-06,clearstar,Clearstar,Risk Curators,revenue,94.4,90,0,0,0,5,
2026-10-06,clearstar,Clearstar,Risk Curators,value_locked,100.0,90,0,0,0,0,
2026-10-06,coinbase-bridge,Coinbase Bridge,Liquidity bridges,fees,90.9,22,2,0,0,0,
2026-10-06,coinbase-bridge,Coinbase Bridge,Liquidity bridges,revenue,90.9,22,2,0,0,0,
2026-10-06,coinbase-bridge,Coinbase Bridge,Liquidity bridges,value_locked,100.0,90,0,0,0,0,
2026-10-06,coinbase-wrapped-staked-eth,Coinbase Wrapped Staked ETH,Liquid Staking,fees,100.0,90,0,0,0,0,
2026-10-06,coinbase-wrapped-staked-eth,Coinbase Wrapped Staked ETH,Liquid Staking,revenue,100.0,90,0,0,0,0,
2026-10-06,coinbase-wrapped-staked-eth,Coinbase Wrapped Staked ETH,Liquid Staking,value_locked,100.0,90,0,0,0,0,
2026-10-06,compound-governance-token,Compound,Lending,fees,95.6,90,0,0,0,4,
2026-10-06,compound-governance-token,Compound,Lending,revenue_to_holders,100.0,90,0,0,0,0,
2026-10-06,compound-governance-token,Compound,Lending,revenue,97.8,90,0,0,0,2,
2026-10-06,compound-v2,Compound V2,Lending,fees,96.7,90,3,0,0,0,
2026-10-06,compound-v2,Compound V2,Lending,revenue_to_holders,96.7,90,3,0,0,0,
2026-10-06,compound-v2,Compound V2,Lending,revenue,96.7,90,3,0,0,0,
2026-10-06,compound-v2,Compound V2,Lending,value_locked,100.0,90,0,0,0,0,
2026-10-06,compound-v3,Compound V3,Lending,fees,96.7,90,0,0,0,3,
2026-10-06,compound-v3,Compound V3,Lending,revenue_to_holders,100.0,90,0,0,0,0,
2026-10-06,compound-v3,Compound V3,Lending,revenue,97.8,90,0,0,0,2,
2026-10-06,compound-v3,Compound V3,Lending,value_locked,100.0,90,0,0,0,0,
2026-10-06,concrete,Concrete,Onchain Capital Allocator,fees,13.3,90,0,0,0,95,
2026-10-06,concrete,Concrete,Onchain Capital Allocator,revenue_to_holders,100.0,3,0,0,0,0,
2026-10-06,concrete,Concrete,Onchain Capital Allocator,revenue,18.9,90,0,5,0,82,2026-08-06:29.71; 2026-08-10:5.59; 2026-08-18:5.87; 2026-09-14:82.36; 2026-09-29:22.99
2026-10-06,concrete,Concrete,Onchain Capital Allocator,value_locked,100.0,90,0,0,0,0,
2026-10-06,contango-v2,Contango V2,Derivatives,fees,90.0,90,0,5,0,4,2026-07-11:73.08; 2026-07-14:43.33; 2026-07-16:184.23; 2026-07-21:9.59; 2026-07-30:19.68
2026-10-06,contango-v2,Contango V2,Derivatives,revenue_to_holders,90.0,90,0,5,0,4,2026-07-11:73.08; 2026-07-14:43.33; 2026-07-16:184.23; 2026-07-21:9.59; 2026-07-30:19.68
2026-10-06,contango-v2,Contango V2,Derivatives,revenue,90.0,90,0,5,0,4,2026-07-11:73.08; 2026-07-14:43.33; 2026-07-16:184.23; 2026-07-21:9.59; 2026-07-30:19.68
2026-10-06,contango-v2,Contango V2,Derivatives,value_locked,100.0,21,0,0,0,0,
2026-10-06,convex-finance,Convex Finance,Yield,fees,88.9,90,0,4,0,7,2026-08-19:9.25; 2026-09-02:5.08; 2026-09-16:6.16; 2026-09-30:9.0
2026-10-06,convex-finance,Convex Finance,Yield,revenue_to_holders,88.9,90,0,4,0,6,2026-08-19:21.09; 2026-09-02:20.48; 2026-09-16:31.82; 2026-09-30:52.95
2026-10-06,convex-finance,Convex Finance,Yield,revenue,88.9,90,0,4,0,6,2026-08-19:21.61; 2026-09-02:17.05; 2026-09-16:31.33; 2026-09-30:46.16
2026-10-06,convex-finance,Convex Finance,Yield,value_locked,100.0,90,0,0,0,0,
2026-10-06,cooler-loans,Cooler Loans,Lending,fees,94.4,90,0,0,0,5,
2026-10-06,cooler-loans,Cooler Loans,Lending,revenue_to_holders,100.0,90,0,0,0,0,
2026-10-06,cooler-loans,Cooler Loans,Lending,revenue,94.4,90,0,0,0,5,
2026-10-06,cooler-loans,Cooler Loans,Lending,value_locked,100.0,90,0,0,0,0,
2026-10-06,cosmos,Cosmos Hub,Chains,fees,98.9,90,0,0,0,1,
2026-10-06,cosmos,Cosmos Hub,Chains,value_locked,98.9,90,0,0,0,1,
2026-10-06,crvusd,crvUSD,CDP,fees,96.7,90,0,0,0,3,
2026-10-06,crvusd,crvUSD,CDP,revenue_to_holders,96.7,90,0,0,0,3,
2026-10-06,crvusd,crvUSD,CDP,revenue,96.7,90,0,0,0,3,
2026-10-06,crvusd,crvUSD,CDP,value_locked,100.0,90,0,0,0,0,
2026-10-06,crypto-com-chain,Cronos,DEXs,dex_volume,94.4,90,0,3,0,2,2026-08-02:5.67; 2026-08-20:5.43; 2026-09-25:5.29
2026-10-06,curvance,Curvance,Lending,fees,93.3,90,0,0,0,6,
2026-10-06,curvance,Curvance,Lending,revenue,93.3,90,0,0,0,6,
2026-10-06,curvance,Curvance,Lending,value_locked,100.0,90,0,0,0,0,
2026-10-06,curve-dao-token,Curve DAO,DEXs,fees,94.4,90,0,1,0,4,2026-08-13:7.41
2026-10-06,curve-dao-token,Curve DAO,DEXs,revenue_to_holders,84.4,90,0,8,0,6,2026-07-23:10.53; 2026-07-30:12.75; 2026-08-06:7.53; 2026-08-20:9.02; 2026-08-27:7.72; 2026-09-02:11.01; 2026-09-09:8.87; 2026-09-16:11.16
2026-10-06,curve-dao-token,Curve DAO,DEXs,revenue,84.4,90,0,8,0,6,2026-07-23:9.56; 2026-07-30:11.76; 2026-08-06:7.0; 2026-08-20:8.2; 2026-08-27:7.01; 2026-09-02:9.96; 2026-09-09:8.01; 2026-09-16:10.09
2026-10-06,curve-dao-token,Curve DAO,DEXs,dex_volume,95.6,90,0,0,0,4,
2026-10-06,curve-dex,Curve DEX,DEXs,fees,93.3,90,0,0,0,6,
2026-10-06,curve-dex,Curve DEX,DEXs,revenue_to_holders,85.6,90,0,7,0,7,2026-07-23:13.66; 2026-07-30:14.59; 2026-08-06:9.92; 2026-08-20:9.02; 2026-08-27:8.62; 2026-09-09:12.82; 2026-09-16:11.33
2026-10-06,curve-dex,Curve DEX,DEXs,revenue,85.6,90,0,7,0,7,2026-07-23:12.42; 2026-07-30:13.48; 2026-08-06:9.24; 2026-08-20:8.26; 2026-08-27:7.88; 2026-09-09:11.63; 2026-09-16:10.3
2026-10-06,curve-dex,Curve DEX,DEXs,value_locked,100.0,90,0,0,0,0,
2026-10-06,curve-dex,Curve DEX,DEXs,dex_volume,98.9,90,0,0,0,1,
2026-10-06,darkcrypto,DarkCrypto,Algo-Stables,value_locked,100.0,90,0,0,0,0,
2026-10-06,dash,Dash,Chains,fees,100.0,90,0,0,0,0,
2026-10-06,dash,Dash,Chains,value_locked,98.9,90,0,0,0,1,
2026-10-06,decibel,Decibel,Derivatives,fees,94.4,90,0,1,0,4,2026-08-05:7.11
2026-10-06,decibel,Decibel,Derivatives,revenue,94.4,90,0,1,0,4,2026-08-05:7.11
2026-10-06,decibel,Decibel,Derivatives,value_locked,100.0,90,0,0,0,0,
2026-10-06,defi-saver-asset-management,Defi Saver Asset Management,CDP Manager,fees,90.0,90,0,3,0,6,2026-08-07:21.52; 2026-08-09:10.91; 2026-09-21:8.04
2026-10-06,defi-saver-asset-management,Defi Saver Asset Management,CDP Manager,revenue,90.0,90,0,3,0,6,2026-08-07:21.52; 2026-08-09:10.91; 2026-09-21:8.04
2026-10-06,defi-saver-asset-management,Defi Saver Asset Management,CDP Manager,value_locked,100.0,90,0,0,0,0,
2026-10-06,derive-v2,Derive V2,Derivatives,fees,98.9,90,1,0,0,0,
2026-10-06,derive-v2,Derive V2,Derivatives,revenue_to_holders,98.9,90,1,0,0,0,
2026-10-06,derive-v2,Derive V2,Derivatives,revenue,98.9,90,1,0,0,0,
2026-10-06,derive-v2,Derive V2,Derivatives,value_locked,100.0,90,0,0,0,0,
2026-10-06,dfdv-staked-sol,DFDV Staked SOL,Liquid Staking,value_locked,100.0,90,0,0,0,0,
2026-10-06,digift,DigiFT,RWA other,fees,94.4,90,0,4,0,1,2026-08-24:60.04; 2026-09-18:58.25; 2026-09-28:7.14; 2026-10-05:6.61
2026-10-06,digift,DigiFT,RWA other,revenue,100.0,90,0,0,0,0,
2026-10-06,digift,DigiFT,RWA other,value_locked,84.4,90,14,0,0,0,
2026-10-06,dolomite,Dolomite,Lending,fees,91.1,90,0,0,0,8,
2026-10-06,dolomite,Dolomite,Lending,revenue,91.1,90,0,0,0,8,
2026-10-06,dolomite,Dolomite,Lending,value_locked,100.0,90,0,0,0,0,
2026-10-06,dopple-finance,Dopple Finance,Algo-Stables,value_locked,100.0,90,0,0,0,0,
2026-10-06,doppler-finance,Doppler Finance,CeDeFi,fees,93.3,90,0,0,0,6,
2026-10-06,doppler-finance,Doppler Finance,CeDeFi,revenue,100.0,90,0,0,0,0,
2026-10-06,doppler-finance,Doppler Finance,CeDeFi,value_locked,100.0,90,0,0,0,0,
2026-10-06,doublezero,DoubleZero,Liquid Staking,fees,82.2,90,0,16,0,0,2026-07-10:429.55; 2026-07-12:410.56; 2026-07-14:78.0; 2026-07-16:50.02; 2026-07-18:48.3; 2026-07-20:41.59; 2026-07-22:51.37; 2026-07-25:49.13; 2026-07-27:49.02; 2026-07-29:53.67; 2026-07-31:93.98; 2026-08-02:92.64; 2026-08-04:95.13; 2026-08-06:11.6; 2026-08-08:9.66; 2026-08-10:10.0
2026-10-06,doublezero,DoubleZero,Liquid Staking,revenue_to_holders,80.0,90,0,18,0,0,2026-07-10:24.69; 2026-07-12:25.55; 2026-07-14:25.52; 2026-07-16:16.11; 2026-07-18:14.24; 2026-07-25:14.46; 2026-07-27:15.33; 2026-07-29:10.88; 2026-07-31:19.68; 2026-08-02:23.78; 2026-08-04:29.45; 2026-08-06:27.35; 2026-08-12:38.0; 2026-08-15:47.23; 2026-08-17:29.83; 2026-08-19:5.67; 2026-08-21:5.01; 2026-08-30:7.2
2026-10-06,doublezero,DoubleZero,Liquid Staking,revenue,83.3,90,0,15,0,0,2026-07-10:52.92; 2026-07-12:103.3; 2026-07-14:2063.01; 2026-07-16:29.44; 2026-07-18:28.49; 2026-07-22:10.74; 2026-07-25:33.57; 2026-07-27:33.76; 2026-07-29:27.01; 2026-07-31:43.05; 2026-08-02:46.44; 2026-08-04:49.3; 2026-08-06:41.74; 2026-08-15:11.13; 2026-09-05:10.4
2026-10-06,drift-staked-sol,Drift Staked SOL,Liquid Staking,fees,77.8,90,3,17,0,0,2026-07-10:6341.59; 2026-07-12:6122.16; 2026-07-14:6154.7; 2026-07-16:6012.74; 2026-07-18:6020.53; 2026-07-20:6059.76; 2026-07-22:6096.98; 2026-07-25:34710.19; 2026-07-27:34105.79; 2026-07-29:68242.86; 2026-08-02:37510.49; 2026-08-04:25500.21; 2026-08-06:24804.54; 2026-08-08:25924.54; 2026-08-10:25910.1; 2026-08-13:25926.6; 2026-08-15:823.74
2026-10-06,drift-staked-sol,Drift Staked SOL,Liquid Staking,revenue_to_holders,96.7,90,3,0,0,0,
2026-10-06,drift-staked-sol,Drift Staked SOL,Liquid Staking,revenue,77.8,90,3,17,0,0,2026-07-10:156.24; 2026-07-12:150.51; 2026-07-14:152.04; 2026-07-16:146.47; 2026-07-18:148.4; 2026-07-20:151.51; 2026-07-22:170.58; 2026-07-25:868.87; 2026-07-27:853.44; 2026-07-29:1707.69; 2026-08-02:940.12; 2026-08-04:640.0; 2026-08-06:621.44; 2026-08-08:648.25; 2026-08-10:647.84; 2026-08-13:648.25; 2026-08-15:20.63
2026-10-06,drift-staked-sol,Drift Staked SOL,Liquid Staking,value_locked,100.0,90,0,0,0,0,
2026-10-06,dydx-chain,,Derivatives,fees,100.0,90,0,0,0,0,
2026-10-06,dydx-chain,,Derivatives,revenue_to_holders,100.0,90,0,0,0,0,
2026-10-06,dydx-chain,,Derivatives,revenue,100.0,90,0,0,0,0,
2026-10-06,dydx-v3,dYdX V3,Derivatives,value_locked,100.0,90,0,0,0,0,
2026-10-06,dydx-v4,dYdX V4,Derivatives,fees,94.4,90,5,0,0,0,
2026-10-06,dydx-v4,dYdX V4,Derivatives,revenue_to_holders,94.4,90,5,0,0,0,
2026-10-06,dydx-v4,dYdX V4,Derivatives,revenue,94.4,90,5,0,0,0,
2026-10-06,dydx-v4,dYdX V4,Derivatives,value_locked,100.0,90,0,0,0,0,
2026-10-06,edgex,edgeX,Liquidity bridges,fees,97.8,90,0,1,0,1,2026-07-09:7.32
2026-10-06,edgex,edgeX,Liquidity bridges,revenue_to_holders,98.9,90,0,0,0,1,
2026-10-06,edgex,edgeX,Liquidity bridges,revenue,97.8,90,0,1,0,1,2026-07-09:7.53
2026-10-06,edgex,edgeX,Liquidity bridges,dex_volume,100.0,90,0,0,0,0,
2026-10-06,eigencloud,EigenCloud,Restaking,fees,90.0,90,0,5,0,4,2026-07-14:7.48; 2026-08-03:21.17; 2026-08-05:14.33; 2026-09-08:6.89; 2026-09-11:18.08
2026-10-06,eigencloud,EigenCloud,Restaking,revenue_to_holders,100.0,90,0,0,0,0,
2026-10-06,eigencloud,EigenCloud,Restaking,revenue,100.0,90,0,0,0,0,
2026-10-06,eigencloud,EigenCloud,Restaking,value_locked,100.0,90,0,0,0,0,
2026-10-06,eigenlayer,EigenCloud (prev. EigenLayer),Restaking,fees,90.0,90,0,5,0,4,2026-07-14:7.48; 2026-08-03:21.17; 2026-08-05:14.33; 2026-09-08:6.89; 2026-09-11:18.08
2026-10-06,eigenlayer,EigenCloud (prev. EigenLayer),Restaking,revenue_to_holders,100.0,90,0,0,0,0,
2026-10-06,eigenlayer,EigenCloud (prev. EigenLayer),Restaking,revenue,100.0,90,0,0,0,0,
2026-10-06,eigenlayer,EigenCloud (prev. EigenLayer),Restaking,value_locked,100.0,90,0,0,0,0,
2026-10-06,ember-protocol,Ember Protocol,Onchain Capital Allocator,fees,92.2,90,7,0,0,0,
2026-10-06,ember-protocol,Ember Protocol,Onchain Capital Allocator,revenue,92.2,90,7,0,0,0,
2026-10-06,ember-protocol,Ember Protocol,Onchain Capital Allocator,value_locked,95.6,90,4,0,0,0,
2026-10-06,ethena,Ethena,Basis Trading,fees,85.6,90,0,10,0,3,2026-07-14:8.56; 2026-07-20:1271.0; 2026-08-11:183.04; 2026-08-13:60146.1; 2026-08-18:628.27; 2026-08-23:17.68; 2026-08-27:36395.84; 2026-09-15:8.89; 2026-09-21:86.96; 2026-09-24:10745.86
2026-10-06,ethena,Ethena,Basis Trading,revenue,93.3,90,0,3,0,3,2026-07-14:8.56; 2026-08-13:96.43; 2026-08-23:21.24
2026-10-06,ethena-usde,Ethena USDe,Basis Trading,fees,85.6,90,0,10,0,4,2026-07-14:8.56; 2026-07-20:1271.0; 2026-08-11:183.04; 2026-08-13:60146.1; 2026-08-18:628.27; 2026-08-23:17.68; 2026-08-27:36395.84; 2026-09-15:8.89; 2026-09-21:86.96; 2026-09-24:10745.86
2026-10-06,ethena-usde,Ethena USDe,Basis Trading,revenue,92.2,90,0,3,0,4,2026-07-14:8.56; 2026-08-13:96.43; 2026-08-23:21.24
2026-10-06,ethena-usde,Ethena USDe,Basis Trading,value_locked,100.0,90,0,0,0,0,
2026-10-06,ethena-usdtb,Ethena USDtb,RWA tokenized treasuries,value_locked,100.0,90,0,0,0,0,
2026-10-06,ether.fi-liquid,ether.fi Liquid,Onchain Capital Allocator,fees,100.0,90,0,0,0,0,
2026-10-06,ether.fi-liquid,ether.fi Liquid,Onchain Capital Allocator,revenue_to_holders,100.0,90,0,0,0,0,
2026-10-06,ether.fi-liquid,ether.fi Liquid,Onchain Capital Allocator,revenue,100.0,90,0,0,0,0,
2026-10-06,ether.fi-liquid,ether.fi Liquid,Onchain Capital Allocator,value_locked,100.0,90,0,0,0,0,
2026-10-06,ether.fi-stake,ether.fi Stake,Liquid Staking,fees,92.2,90,7,0,0,0,
2026-10-06,ether.fi-stake,ether.fi Stake,Liquid Staking,revenue_to_holders,92.2,90,7,0,0,0,
2026-10-06,ether.fi-stake,ether.fi Stake,Liquid Staking,revenue,92.2,90,7,0,0,0,
2026-10-06,ether.fi-stake,ether.fi Stake,Liquid Staking,value_locked,100.0,90,0,0,0,0,
2026-10-06,ethereum,Ethereum,Chains,fees,90.0,90,0,0,0,9,
2026-10-06,ethereum,Ethereum,Chains,stablecoin_supply,100.0,90,0,0,0,0,
2026-10-06,ethereum,Ethereum,Chains,value_locked,97.8,90,0,0,0,2,
2026-10-06,ethereum-classic,Ethereum Classic,Chains,fees,100.0,90,0,0,0,0,
2026-10-06,ethereum-classic,Ethereum Classic,Chains,stablecoin_supply,100.0,90,0,0,0,0,
2026-10-06,ethereum-classic,Ethereum Classic,Chains,value_locked,91.1,90,0,0,0,8,
2026-10-06,etherfi-borrowing-market,EtherFi Borrowing Market,Lending,fees,100.0,90,0,0,0,0,
2026-10-06,etherfi-borrowing-market,EtherFi Borrowing Market,Lending,revenue_to_holders,100.0,90,0,0,0,0,
2026-10-06,etherfi-borrowing-market,EtherFi Borrowing Market,Lending,revenue,100.0,90,0,0,0,0,
2026-10-06,etherfi-borrowing-market,EtherFi Borrowing Market,Lending,value_locked,100.0,90,0,0,0,0,
2026-10-06,etherfi-cash-liquid,EtherFi Cash Liquid,Crypto Card Issuer,fees,93.3,90,0,0,0,6,
2026-10-06,etherfi-cash-liquid,EtherFi Cash Liquid,Crypto Card Issuer,revenue_to_holders,100.0,90,0,0,0,0,
2026-10-06,etherfi-cash-liquid,EtherFi Cash Liquid,Crypto Card Issuer,revenue,93.3,90,0,0,0,6,
2026-10-06,etherfi-cash-liquid,EtherFi Cash Liquid,Crypto Card Issuer,value_locked,100.0,90,0,0,0,0,
2026-10-06,euler-v2,Euler V2,Lending,fees,87.8,90,11,0,0,0,
2026-10-06,euler-v2,Euler V2,Lending,revenue_to_holders,87.8,90,11,0,0,0,
2026-10-06,euler-v2,Euler V2,Lending,revenue,85.6,90,11,0,0,2,
2026-10-06,euler-v2,Euler V2,Lending,value_locked,100.0,90,0,0,0,0,
2026-10-06,exponent-yield-exchange,Exponent Yield Exchange,Yield,fees,88.9,90,0,6,0,4,2026-07-13:11.24; 2026-07-23:12.35; 2026-08-07:5.89; 2026-08-12:50.91; 2026-09-17:442.87; 2026-09-22:9.69
2026-10-06,exponent-yield-exchange,Exponent Yield Exchange,Yield,revenue,88.9,90,0,6,0,4,2026-07-13:10.85; 2026-07-23:11.92; 2026-08-07:5.78; 2026-08-12:72.78; 2026-09-17:490.22; 2026-09-22:8.03
2026-10-06,exponent-yield-exchange,Exponent Yield Exchange,Yield,value_locked,100.0,90,0,0,0,0,
2026-10-06,exsat-staking-btc,exSat Staking BTC,Liquidity bridges,value_locked,100.0,90,0,0,0,0,
2026-10-06,extended-perps,Extended Perps,Derivatives,fees,92.2,90,7,0,0,0,
2026-10-06,extended-perps,Extended Perps,Derivatives,value_locked,100.0,90,0,0,0,0,
2026-10-06,falcon-finance,Falcon USD,Basis Trading,fees,90.0,90,5,0,0,4,
2026-10-06,falcon-finance,Falcon USD,Basis Trading,revenue_to_holders,94.4,90,5,0,0,0,
2026-10-06,falcon-finance,Falcon USD,Basis Trading,revenue,94.4,90,5,0,0,0,
2026-10-06,falcon-finance,Falcon USD,Basis Trading,value_locked,100.0,90,0,0,0,0,
2026-10-06,falcon-finance-ff,Falcon Finance,Basis Trading,fees,90.0,90,5,0,0,4,
2026-10-06,falcon-finance-ff,Falcon Finance,Basis Trading,revenue_to_holders,94.4,90,5,0,0,0,
2026-10-06,falcon-finance-ff,Falcon Finance,Basis Trading,revenue,94.4,90,5,0,0,0,
2026-10-06,falcon-finance-ff,Falcon Finance,Basis Trading,value_locked,100.0,90,0,0,0,0,
2026-10-06,fassets,FAssets,Liquidity bridges,value_locked,100.0,90,0,0,0,0,
2026-10-06,figure-markets-democratized-prime,Figure Markets Democratized Prime,Lending,value_locked,77.8,90,0,0,0,20,
2026-10-06,figure-markets-exchange,Figure Markets Exchange,OTC Marketplace,fees,93.3,90,0,0,0,6,
2026-10-06,figure-markets-exchange,Figure Markets Exchange,OTC Marketplace,revenue,93.3,90,0,0,0,6,
2026-10-06,figure-markets-exchange,Figure Markets Exchange,OTC Marketplace,value_locked,96.7,90,0,0,3,0,2026-07-20:0.3; 2026-08-30:0.49; 2026-09-07:0.46
2026-10-06,filecoin,Filecoin,Chains,fees,98.9,90,1,0,0,0,
2026-10-06,filecoin,Filecoin,Chains,stablecoin_supply,100.0,90,0,0,0,0,
2026-10-06,filecoin,Filecoin,Chains,value_locked,95.6,90,0,0,0,4,
2026-10-06,finext-finance,Finext Finance,Algo-Stables,value_locked,100.0,90,0,0,0,0,
2026-10-06,fluid-dex,Fluid DEX,DEXs,fees,93.3,90,0,0,0,6,
2026-10-06,fluid-dex,Fluid DEX,DEXs,revenue_to_holders,100.0,90,0,0,0,0,
2026-10-06,fluid-dex,Fluid DEX,DEXs,revenue,92.2,90,0,0,0,7,
2026-10-06,fluid-dex,Fluid DEX,DEXs,value_locked,100.0,90,0,0,0,0,
2026-10-06,fluid-dex,Fluid DEX,DEXs,dex_volume,100.0,90,0,0,0,0,
2026-10-06,fluid-lending,Fluid Lending,Lending,fees,92.2,90,7,0,0,0,
2026-10-06,fluid-lending,Fluid Lending,Lending,revenue_to_holders,92.2,90,7,0,0,0,
2026-10-06,fluid-lending,Fluid Lending,Lending,revenue,92.2,90,7,0,0,0,
2026-10-06,fluid-lending,Fluid Lending,Lending,value_locked,100.0,90,0,0,0,0,
2026-10-06,fluid-lite,Fluid Lite,Yield Aggregator,fees,98.9,90,0,0,0,1,
2026-10-06,fluid-lite,Fluid Lite,Yield Aggregator,revenue,98.9,90,0,0,0,1,
2026-10-06,fluid-lite,Fluid Lite,Yield Aggregator,value_locked,100.0,90,0,0,0,0,
2026-10-06,forward-industries-sol,Forward Industries SOL,Liquid Staking,fees,87.8,90,0,11,0,0,2026-07-22:3653600.0; 2026-07-25:1136514.29; 2026-07-27:1499200.0; 2026-07-29:1004142.86; 2026-07-31:996000.0; 2026-08-02:1071028.57; 2026-08-04:1089914.29; 2026-08-06:390526.32; 2026-08-08:517026.67; 2026-08-10:516840.0; 2026-08-15:512346.67
2026-10-06,forward-industries-sol,Forward Industries SOL,Liquid Staking,revenue,78.9,90,0,19,0,0,2026-07-10:31.68; 2026-07-12:17.02; 2026-07-14:37.86; 2026-07-16:20.93; 2026-07-18:20.67; 2026-07-22:263.96; 2026-07-25:38.91; 2026-07-27:613.78; 2026-07-29:17.94; 2026-07-31:39.75; 2026-08-06:49650.0; 2026-08-17:13733.33; 2026-08-19:72.04; 2026-08-21:77.4; 2026-08-28:76.53; 2026-08-30:69.98; 2026-09-02:189600.0; 2026-09-05:61.07; 2026-09-10:23.3
2026-10-06,forward-industries-sol,Forward Industries SOL,Liquid Staking,value_locked,100.0,7,0,0,0,0,
2026-10-06,frax,Legacy Frax Dollar,Algo-Stables,fees,93.3,90,0,3,0,3,2026-08-18:67.92; 2026-08-25:8.71; 2026-09-12:12.09
2026-10-06,frax,Legacy Frax Dollar,Algo-Stables,revenue_to_holders,100.0,90,0,0,0,0,
2026-10-06,frax,Legacy Frax Dollar,Algo-Stables,revenue,96.7,90,0,0,0,3,
2026-10-06,frax,Legacy Frax Dollar,Algo-Stables,value_locked,100.0,90,0,0,0,0,
2026-10-06,frax-ether,Frax Ether,Liquid Staking,fees,100.0,90,0,0,0,0,
2026-10-06,frax-ether,Frax Ether,Liquid Staking,revenue_to_holders,100.0,90,0,0,0,0,
2026-10-06,frax-ether,Frax Ether,Liquid Staking,revenue,100.0,90,0,0,0,0,
2026-10-06,frax-ether,Frax Ether,Liquid Staking,value_locked,100.0,90,0,0,0,0,
2026-10-06,frax-fpi,Frax FPI,Algo-Stables,fees,96.7,90,3,0,0,0,
2026-10-06,frax-fpi,Frax FPI,Algo-Stables,revenue,96.7,90,3,0,0,0,
2026-10-06,frax-fpi,Frax FPI,Algo-Stables,value_locked,100.0,90,0,0,0,0,
2026-10-06,frax-usd,Frax USD,RWA tokenized treasuries,fees,96.7,90,3,0,0,0,
2026-10-06,frax-usd,Frax USD,RWA tokenized treasuries,revenue,96.7,90,3,0,0,0,
2026-10-06,frax-usd,Frax USD,RWA tokenized treasuries,value_locked,100.0,90,0,0,0,0,
2026-10-06,fulcrom-perps,Fulcrom Perps,Derivatives,fees,91.1,90,8,0,0,0,
2026-10-06,fulcrom-perps,Fulcrom Perps,Derivatives,revenue_to_holders,91.1,90,8,0,0,0,
2026-10-06,fulcrom-perps,Fulcrom Perps,Derivatives,revenue,91.1,90,8,0,0,0,
2026-10-06,fulcrom-perps,Fulcrom Perps,Derivatives,value_locked,100.0,90,0,0,0,0,
2026-10-06,function-fbtc,Function FBTC,Liquidity bridges,value_locked,100.0,90,0,0,0,0,
2026-10-06,fx-protocol,fx Protocol,Dual-Token Stablecoin,fees,88.9,90,0,10,0,0,2026-07-22:8.53; 2026-07-28:61.88; 2026-07-31:36.75; 2026-08-12:14.71; 2026-08-14:13.44; 2026-08-19:11.72; 2026-09-21:7.26; 2026-09-23:21.5; 2026-09-26:19.4; 2026-10-03:73.09
2026-10-06,fx-protocol,fx Protocol,Dual-Token Stablecoin,revenue,100.0,90,0,0,0,0,
2026-10-06,fx-protocol,fx Protocol,Dual-Token Stablecoin,value_locked,100.0,90,0,0,0,0,
2026-10-06,gains-network,Gains Network,Derivatives,fees,98.9,90,0,1,0,0,2026-09-28:7.8
2026-10-06,gains-network,Gains Network,Derivatives,revenue_to_holders,100.0,90,0,0,0,0,
2026-10-06,gains-network,Gains Network,Derivatives,revenue,98.9,90,0,1,0,0,2026-09-28:8.61
2026-10-06,gains-network,Gains Network,Derivatives,value_locked,100.0,90,0,0,0,0,
2026-10-06,gauntlet,Gauntlet,Risk Curators,fees,98.9,90,1,0,0,0,
2026-10-06,gauntlet,Gauntlet,Risk Curators,revenue,98.9,90,1,0,0,0,
2026-10-06,gauntlet,Gauntlet,Risk Curators,value_locked,100.0,90,0,0,0,0,
2026-10-06,generic.money,Generic.Money,Algo-Stables,value_locked,100.0,90,0,0,0,0,
2026-10-06,gmtrade,,cerchio 2,fees,97.8,90,1,0,0,1,
2026-10-06,gmtrade,,cerchio 2,revenue_to_holders,98.9,90,1,0,0,0,
2026-10-06,gmtrade,,cerchio 2,revenue,97.8,90,1,0,0,1,
2026-10-06,gmtrade,,cerchio 2,value_locked,100.0,90,0,0,0,0,
2026-10-06,gmx,,Derivatives,fees,97.8,90,0,0,0,2,
2026-10-06,gmx,,Derivatives,revenue_to_holders,95.6,90,0,0,0,4,
2026-10-06,gmx,,Derivatives,revenue,97.8,90,0,0,0,2,
2026-10-06,gmx,,Derivatives,dex_volume,97.8,90,0,2,0,0,2026-07-19:20.69; 2026-08-19:10.84
2026-10-06,gmx-solana,GMX Solana,Derivatives,fees,97.8,90,1,0,0,1,
2026-10-06,gmx-solana,GMX Solana,Derivatives,revenue_to_holders,98.9,90,1,0,0,0,
2026-10-06,gmx-solana,GMX Solana,Derivatives,revenue,97.8,90,1,0,0,1,
2026-10-06,gmx-solana,GMX Solana,Derivatives,value_locked,100.0,90,0,0,0,0,
2026-10-06,gmx-v2-perps,GMX V2 Perps,Derivatives,fees,93.3,90,0,0,0,6,
2026-10-06,gmx-v2-perps,GMX V2 Perps,Derivatives,revenue_to_holders,93.3,90,0,0,0,6,
2026-10-06,gmx-v2-perps,GMX V2 Perps,Derivatives,revenue,93.3,90,0,0,0,6,
2026-10-06,gmx-v2-perps,GMX V2 Perps,Derivatives,value_locked,100.0,90,0,0,0,0,
2026-10-06,gnosis-protocol-v1,Gnosis Protocol v1,Prediction Market,value_locked,100.0,90,0,0,0,0,
2026-10-06,grove-finance,Grove Finance,Onchain Capital Allocator,fees,97.8,90,1,1,0,0,2026-09-08:5.18
2026-10-06,grove-finance,Grove Finance,Onchain Capital Allocator,revenue,98.9,90,1,0,0,0,
2026-10-06,grove-finance,Grove Finance,Onchain Capital Allocator,value_locked,100.0,90,0,0,0,0,
2026-10-06,gtbtc,GTBTC,Restaked BTC,fees,100.0,90,0,0,0,0,
2026-10-06,gtbtc,GTBTC,Restaked BTC,revenue,100.0,90,0,0,0,0,
2026-10-06,gtbtc,GTBTC,Restaked BTC,value_locked,100.0,90,0,0,0,0,
2026-10-06,hastra,Hastra,RWA other,fees,98.9,90,0,0,0,1,
2026-10-06,hastra,Hastra,RWA other,revenue,100.0,90,0,0,0,0,
2026-10-06,hastra,Hastra,RWA other,value_locked,76.7,90,21,0,0,0,
2026-10-06,havven,Synthetix,Derivatives,fees,100.0,90,0,0,0,0,
2026-10-06,havven,Synthetix,Derivatives,revenue_to_holders,100.0,90,0,0,0,0,
2026-10-06,havven,Synthetix,Derivatives,revenue,100.0,90,0,0,0,0,
2026-10-06,hedera-hashgraph,Hedera,Chains,fees,98.9,90,0,0,0,1,
2026-10-06,hedera-hashgraph,Hedera,Chains,stablecoin_supply,100.0,90,0,0,0,0,
2026-10-06,hedera-hashgraph,Hedera,Chains,value_locked,92.2,90,0,0,0,7,
2026-10-06,helius-staked-sol,Helius Staked SOL,Liquid Staking,fees,82.2,90,0,16,0,0,2026-07-14:36958.56; 2026-07-16:22411.17; 2026-07-18:22432.4; 2026-07-20:2385.62; 2026-07-22:2447.34; 2026-07-25:2305.02; 2026-07-27:2282.31; 2026-07-29:2273.06; 2026-07-31:2087.9; 2026-08-02:2066.56; 2026-08-04:4841.68; 2026-08-06:4753.14; 2026-08-08:4980.02; 2026-08-10:4975.83; 2026-08-13:4996.05; 2026-08-15:564.62
2026-10-06,helius-staked-sol,Helius Staked SOL,Liquid Staking,revenue,83.3,90,0,15,0,0,2026-07-10:15.03; 2026-07-12:14.47; 2026-07-18:44.08; 2026-07-29:35.36; 2026-07-31:10.56; 2026-08-06:118.87; 2026-08-10:12.08; 2026-08-13:155.36; 2026-08-15:63.91; 2026-08-17:9.41; 2026-08-28:13.35; 2026-08-30:22.38; 2026-09-02:26.44; 2026-09-05:32.55; 2026-09-10:27.33
2026-10-06,helius-staked-sol,Helius Staked SOL,Liquid Staking,value_locked,100.0,90,0,0,0,0,
2026-10-06,huma,Huma,RWA other,fees,98.9,90,1,0,0,0,
2026-10-06,huma,Huma,RWA other,revenue_to_holders,66.7,3,1,0,0,0,
2026-10-06,huma,Huma,RWA other,revenue,98.9,90,1,0,0,0,
2026-10-06,huma,Huma,RWA other,value_locked,100.0,90,0,0,0,0,
2026-10-06,huma-finance-v2,Huma Finance V2,cerchio 2,fees,98.9,90,1,0,0,0,
2026-10-06,huma-finance-v2,Huma Finance V2,cerchio 2,revenue_to_holders,66.7,3,1,0,0,0,
2026-10-06,huma-finance-v2,Huma Finance V2,cerchio 2,revenue,98.9,90,1,0,0,0,
2026-10-06,huma-finance-v2,Huma Finance V2,cerchio 2,value_locked,100.0,90,0,0,0,0,
2026-10-06,hyperithm,Hyperithm,Risk Curators,fees,97.8,90,0,0,0,2,
2026-10-06,hyperithm,Hyperithm,Risk Curators,revenue,97.8,90,0,0,0,2,
2026-10-06,hyperithm,Hyperithm,Risk Curators,value_locked,100.0,90,0,0,0,0,
2026-10-06,hyperlend-pooled,HyperLend Pooled,Lending,fees,96.7,90,0,0,0,3,
2026-10-06,hyperlend-pooled,HyperLend Pooled,Lending,revenue_to_holders,100.0,90,0,0,0,0,
2026-10-06,hyperlend-pooled,HyperLend Pooled,Lending,revenue,95.6,90,0,0,0,4,
2026-10-06,hyperlend-pooled,HyperLend Pooled,Lending,value_locked,100.0,90,0,0,0,0,
2026-10-06,hyperliquid,Hyperliquid,Liquidity bridges,fees,44.4,90,0,0,0,51,
2026-10-06,hyperliquid,Hyperliquid,Liquidity bridges,revenue_to_holders,45.6,90,0,0,0,49,
2026-10-06,hyperliquid,Hyperliquid,Liquidity bridges,revenue,44.4,90,0,0,0,51,
2026-10-06,hyperliquid,Hyperliquid,Liquidity bridges,dex_volume,100.0,90,0,0,0,0,
2026-10-06,hyperliquid-bridge,Hyperliquid Bridge,Liquidity bridges,value_locked,100.0,90,0,0,0,0,
2026-10-06,hyperliquid-hlp,Hyperliquid HLP,Vault,fees,98.9,90,1,0,0,0,
2026-10-06,hyperliquid-hlp,Hyperliquid HLP,Vault,revenue,98.9,90,1,0,0,0,
2026-10-06,hyperliquid-hlp,Hyperliquid HLP,Vault,value_locked,100.0,90,0,0,0,0,
2026-10-06,hyperliquid-spot-orderbook,Hyperliquid Spot Orderbook,DEXs,fees,98.9,90,1,0,0,0,
2026-10-06,hyperliquid-spot-orderbook,Hyperliquid Spot Orderbook,DEXs,revenue_to_holders,98.9,90,1,0,0,0,
2026-10-06,hyperliquid-spot-orderbook,Hyperliquid Spot Orderbook,DEXs,revenue,98.9,90,1,0,0,0,
2026-10-06,hyperliquid-spot-orderbook,Hyperliquid Spot Orderbook,DEXs,value_locked,100.0,90,0,0,0,0,
2026-10-06,hyperliquid-spot-orderbook,Hyperliquid Spot Orderbook,DEXs,dex_volume,100.0,90,0,0,0,0,
2026-10-06,injective-protocol,Injective,Chains,fees,100.0,90,0,0,0,0,
2026-10-06,injective-protocol,Injective,Chains,stablecoin_supply,100.0,90,0,0,0,0,
2026-10-06,injective-protocol,Injective,Chains,value_locked,95.6,90,0,0,0,4,
2026-10-06,instadapp,Fluid,Lending,fees,98.9,90,0,0,0,1,
2026-10-06,instadapp,Fluid,Lending,revenue_to_holders,100.0,90,0,0,0,0,
2026-10-06,instadapp,Fluid,Lending,revenue,98.9,90,0,0,0,1,
2026-10-06,instadapp,Fluid,Lending,dex_volume,100.0,90,0,0,0,0,
2026-10-06,internet-computer,Internet Computer,Chains,fees,100.0,90,0,0,0,0,
2026-10-06,internet-computer,Internet Computer,Chains,stablecoin_supply,100.0,90,0,0,0,0,
2026-10-06,internet-computer,Internet Computer,Chains,value_locked,100.0,90,0,0,0,0,
2026-10-06,invesco-ustb,Invesco USTB,RWA tokenized treasuries,fees,100.0,90,0,0,0,0,
2026-10-06,invesco-ustb,Invesco USTB,RWA tokenized treasuries,revenue,100.0,90,0,0,0,0,
2026-10-06,invesco-ustb,Invesco USTB,RWA tokenized treasuries,value_locked,100.0,90,0,0,0,0,
2026-10-06,jito-governance-token,Jito,Liquid Staking,fees,98.9,90,0,0,0,1,
2026-10-06,jito-governance-token,Jito,Liquid Staking,revenue_to_holders,100.0,90,0,0,0,0,
2026-10-06,jito-governance-token,Jito,Liquid Staking,revenue,98.9,90,0,0,0,1,
2026-10-06,jito-liquid-staking,Jito Liquid Staking,Liquid Staking,fees,98.9,90,1,0,0,0,
2026-10-06,jito-liquid-staking,Jito Liquid Staking,Liquid Staking,revenue_to_holders,98.9,90,1,0,0,0,
2026-10-06,jito-liquid-staking,Jito Liquid Staking,Liquid Staking,revenue,98.9,90,1,0,0,0,
2026-10-06,jito-liquid-staking,Jito Liquid Staking,Liquid Staking,value_locked,100.0,90,0,0,0,0,
2026-10-06,jpool,JPool,Liquid Staking,fees,82.2,90,1,15,0,0,2026-07-16:28647.71; 2026-07-18:14.59; 2026-07-20:15.26; 2026-07-22:15.21; 2026-07-25:13.09; 2026-07-27:12.31; 2026-07-29:12.43; 2026-07-31:12.13; 2026-08-02:51.78; 2026-08-04:34.63; 2026-08-06:34.5; 2026-08-08:36.37; 2026-08-10:36.34; 2026-08-13:60.32; 2026-08-15:28.01
2026-10-06,jpool,JPool,Liquid Staking,revenue,93.3,90,1,5,0,0,2026-08-06:7.13; 2026-08-11:11.3; 2026-08-13:83.67; 2026-08-15:32.65; 2026-08-28:23.58
2026-10-06,jpool,JPool,Liquid Staking,value_locked,100.0,90,0,0,0,0,
2026-10-06,jupiter-exchange-solana,Jupiter,DEX Aggregator,fees,87.8,90,0,0,0,11,
2026-10-06,jupiter-exchange-solana,Jupiter,DEX Aggregator,revenue_to_holders,86.7,90,0,0,0,12,
2026-10-06,jupiter-exchange-solana,Jupiter,DEX Aggregator,revenue,86.7,90,0,0,0,12,
2026-10-06,jupiter-exchange-solana,Jupiter,DEX Aggregator,dex_volume,84.4,90,0,0,0,14,
2026-10-06,jupiter-lend,Jupiter Lend,Lending,fees,84.4,90,2,0,0,12,
2026-10-06,jupiter-lend,Jupiter Lend,Lending,revenue_to_holders,84.4,90,2,0,0,12,
2026-10-06,jupiter-lend,Jupiter Lend,Lending,revenue,84.4,90,2,0,0,12,
2026-10-06,jupiter-lend,Jupiter Lend,Lending,value_locked,98.9,90,0,0,0,1,
2026-10-06,jupiter-perpetual-exchange,Jupiter Perpetual Exchange,Derivatives,fees,98.9,90,1,0,0,0,
2026-10-06,jupiter-perpetual-exchange,Jupiter Perpetual Exchange,Derivatives,revenue_to_holders,98.9,90,1,0,0,0,
2026-10-06,jupiter-perpetual-exchange,Jupiter Perpetual Exchange,Derivatives,revenue,98.9,90,1,0,0,0,
2026-10-06,jupiter-perpetual-exchange,Jupiter Perpetual Exchange,Derivatives,value_locked,100.0,90,0,0,0,0,
2026-10-06,jupiter-staked-sol,Jupiter Staked SOL,Liquid Staking,fees,78.9,90,1,18,0,0,2026-07-10:197.17; 2026-07-12:191.27; 2026-07-14:94.5; 2026-07-16:51.66; 2026-07-18:49.6; 2026-07-20:49.72; 2026-07-22:50.54; 2026-07-25:47.82; 2026-07-27:47.36; 2026-07-29:75.79; 2026-07-31:50.95; 2026-08-02:50.7; 2026-08-04:50.93; 2026-08-06:49.93; 2026-08-08:51.65; 2026-08-10:52.03; 2026-08-13:52.21; 2026-08-15:49.5
2026-10-06,jupiter-staked-sol,Jupiter Staked SOL,Liquid Staking,revenue_to_holders,96.7,90,1,2,0,0,2026-07-10:11.82; 2026-07-12:10.24
2026-10-06,jupiter-staked-sol,Jupiter Staked SOL,Liquid Staking,revenue,96.7,90,1,2,0,0,2026-07-10:11.8; 2026-07-12:10.22
2026-10-06,jupiter-staked-sol,Jupiter Staked SOL,Liquid Staking,value_locked,100.0,90,0,0,0,0,
2026-10-06,just,JUST,Lending,fees,97.8,90,0,0,0,2,
2026-10-06,just,JUST,Lending,revenue_to_holders,100.0,90,0,0,0,0,
2026-10-06,just,JUST,Lending,revenue,96.7,90,0,0,0,3,
2026-10-06,justcryptos,JustCryptos,Liquidity bridges,value_locked,100.0,90,0,0,0,0,
2026-10-06,justlend-strx,JustLend sTRX,Liquid Staking,value_locked,100.0,14,0,0,0,0,
2026-10-06,justlend-v1,JustLend V1,Lending,fees,95.6,90,0,0,0,4,
2026-10-06,justlend-v1,JustLend V1,Lending,revenue_to_holders,100.0,90,0,0,0,0,
2026-10-06,justlend-v1,JustLend V1,Lending,revenue,94.4,90,0,0,0,5,
2026-10-06,justlend-v1,JustLend V1,Lending,value_locked,100.0,90,0,0,0,0,
2026-10-06,k3-capital,K3 Capital,Risk Curators,fees,97.8,90,0,0,0,2,
2026-10-06,k3-capital,K3 Capital,Risk Curators,revenue,97.8,90,0,0,0,2,
2026-10-06,k3-capital,K3 Capital,Risk Curators,value_locked,100.0,90,0,0,0,0,
2026-10-06,kamino-lend,Kamino Lend,Lending,fees,92.2,90,7,0,0,0,
2026-10-06,kamino-lend,Kamino Lend,Lending,revenue_to_holders,92.2,90,7,0,0,0,
2026-10-06,kamino-lend,Kamino Lend,Lending,revenue,92.2,90,7,0,0,0,
2026-10-06,kamino-lend,Kamino Lend,Lending,value_locked,100.0,90,0,0,0,0,
2026-10-06,kelp,Kelp,Liquid Restaking,fees,100.0,90,0,0,0,0,
2026-10-06,kelp,Kelp,Liquid Restaking,revenue_to_holders,100.0,90,0,0,0,0,
2026-10-06,kelp,Kelp,Liquid Restaking,revenue,98.9,90,0,1,0,0,2026-08-27:5.02
2026-10-06,kelp,Kelp,Liquid Restaking,value_locked,100.0,90,0,0,0,0,
2026-10-06,kinetiq-khype,Kinetiq kHYPE,Liquid Staking,fees,96.7,90,0,0,0,3,
2026-10-06,kinetiq-khype,Kinetiq kHYPE,Liquid Staking,revenue_to_holders,96.7,90,0,0,0,3,
2026-10-06,kinetiq-khype,Kinetiq kHYPE,Liquid Staking,revenue,96.7,90,0,0,0,3,
2026-10-06,kinetiq-khype,Kinetiq kHYPE,Liquid Staking,value_locked,100.0,90,0,0,0,0,
2026-10-06,kpk,KPK,Risk Curators,fees,98.9,90,0,0,0,1,
2026-10-06,kpk,KPK,Risk Curators,revenue_to_holders,100.0,90,0,0,0,0,
2026-10-06,kpk,KPK,Risk Curators,revenue,97.8,90,0,2,0,0,2026-07-20:12.7; 2026-08-06:560.14
2026-10-06,kpk,KPK,Risk Curators,value_locked,100.0,90,0,0,0,0,
2026-10-06,kraken-bitcoin,Kraken Bitcoin,Liquidity bridges,value_locked,100.0,90,0,0,0,0,
2026-10-06,lagoon,Lagoon,Onchain Capital Allocator,fees,100.0,90,0,0,0,0,
2026-10-06,lagoon,Lagoon,Onchain Capital Allocator,revenue,100.0,90,0,0,0,0,
2026-10-06,lagoon,Lagoon,Onchain Capital Allocator,value_locked,100.0,90,0,0,0,0,
2026-10-06,layerzero,LayerZero,Liquidity bridges,fees,87.8,90,0,0,0,11,
2026-10-06,layerzero,LayerZero,Liquidity bridges,revenue_to_holders,100.0,90,0,0,0,0,
2026-10-06,layerzero,LayerZero,Liquidity bridges,revenue,100.0,90,0,0,0,0,
2026-10-06,layerzero-v2,LayerZero V2,Liquidity bridges,fees,91.1,90,0,0,0,8,
2026-10-06,layerzero-v2,LayerZero V2,Liquidity bridges,revenue_to_holders,100.0,90,0,0,0,0,
2026-10-06,layerzero-v2,LayerZero V2,Liquidity bridges,revenue,100.0,90,0,0,0,0,
2026-10-06,layerzero-v2,LayerZero V2,Liquidity bridges,value_locked,100.0,90,0,0,0,0,
2026-10-06,levr-bet,Levr Bet,Prediction Market,value_locked,100.0,26,0,0,0,0,
2026-10-06,lido,Lido,Liquid Staking,fees,98.9,90,1,0,0,0,
2026-10-06,lido,Lido,Liquid Staking,revenue_to_holders,98.9,90,1,0,0,0,
2026-10-06,lido,Lido,Liquid Staking,revenue,98.9,90,1,0,0,0,
2026-10-06,lido,Lido,Liquid Staking,value_locked,100.0,90,0,0,0,0,
2026-10-06,lido-dao,Lido DAO,Liquid Staking,fees,98.9,90,1,0,0,0,
2026-10-06,lido-dao,Lido DAO,Liquid Staking,revenue_to_holders,98.9,90,1,0,0,0,
2026-10-06,lido-dao,Lido DAO,Liquid Staking,revenue,98.9,90,1,0,0,0,
2026-10-06,lido-dao,Lido DAO,Liquid Staking,value_locked,100.0,90,0,0,0,0,
2026-10-06,lighter,Lighter,Liquidity bridges,fees,98.9,90,0,0,0,1,
2026-10-06,lighter,Lighter,Liquidity bridges,revenue_to_holders,100.0,90,0,0,0,0,
2026-10-06,lighter,Lighter,Liquidity bridges,revenue,98.9,90,0,0,0,1,
2026-10-06,lighter,Lighter,Liquidity bridges,dex_volume,100.0,90,0,0,0,0,
2026-10-06,lighter-bridge,Lighter Bridge,Liquidity bridges,value_locked,100.0,90,0,0,0,0,
2026-10-06,lighter-robinhood-perps,Lighter Robinhood Perps,Derivatives,fees,97.4,78,1,1,0,0,2026-08-19:5.25
2026-10-06,lighter-robinhood-perps,Lighter Robinhood Perps,Derivatives,revenue_to_holders,98.7,78,1,0,0,0,
2026-10-06,lighter-robinhood-perps,Lighter Robinhood Perps,Derivatives,revenue,98.7,78,1,0,0,0,
2026-10-06,lighter-robinhood-perps,Lighter Robinhood Perps,Derivatives,value_locked,100.0,79,0,0,0,0,
2026-10-06,lightning-network,Lightning Network,Payments,value_locked,98.9,90,1,0,0,0,
2026-10-06,limitless-exchange,Limitless Exchange,Prediction Market,fees,98.9,90,0,1,0,0,2026-09-29:10.24
2026-10-06,limitless-exchange,Limitless Exchange,Prediction Market,revenue_to_holders,100.0,90,0,0,0,0,
2026-10-06,limitless-exchange,Limitless Exchange,Prediction Market,revenue,91.1,90,0,8,0,0,2026-08-12:5.45; 2026-08-15:18.25; 2026-08-24:5.86; 2026-08-28:11.49; 2026-09-05:5.13; 2026-09-16:6.7; 2026-09-23:5.84; 2026-09-29:10.1
2026-10-06,limitless-exchange,Limitless Exchange,Prediction Market,value_locked,100.0,90,0,0,0,0,
2026-10-06,linea,Linea,Chains,stablecoin_supply,98.9,90,0,0,1,0,2026-08-28:0.0
2026-10-06,linea,Linea,Chains,transactions,98.9,90,1,0,0,0,
2026-10-06,linea-bridge,Linea Bridge,Canonical Bridge,value_locked,100.0,90,0,0,0,0,
2026-10-06,linear-protocol,LiNEAR Protocol,Liquid Staking,value_locked,100.0,90,0,0,0,0,
2026-10-06,liquid-collective,Liquid Collective,Liquid Staking,fees,100.0,90,0,0,0,0,
2026-10-06,liquid-collective,Liquid Collective,Liquid Staking,revenue,100.0,90,0,0,0,0,
2026-10-06,liquid-collective,Liquid Collective,Liquid Staking,value_locked,100.0,90,0,0,0,0,
2026-10-06,liquidity-house,Liquidity House,Prediction Market,value_locked,100.0,90,0,0,0,0,
2026-10-06,liquity-v1,Liquity V1,CDP,fees,98.9,90,0,1,0,0,2026-09-06:39.83
2026-10-06,liquity-v1,Liquity V1,CDP,revenue_to_holders,98.9,90,0,1,0,0,2026-09-06:39.83
2026-10-06,liquity-v1,Liquity V1,CDP,revenue,98.9,90,0,1,0,0,2026-09-06:39.83
2026-10-06,liquity-v1,Liquity V1,CDP,value_locked,100.0,90,0,0,0,0,
2026-10-06,lisk-bridge,Lisk Bridge,Canonical Bridge,value_locked,100.0,90,0,0,0,0,
2026-10-06,lista-cdp,Lista CDP,CDP,fees,96.7,90,0,3,0,0,2026-07-17:11.91; 2026-08-13:7.06; 2026-09-10:16.27
2026-10-06,lista-cdp,Lista CDP,CDP,revenue_to_holders,100.0,90,0,0,0,0,
2026-10-06,lista-cdp,Lista CDP,CDP,revenue,96.7,90,0,3,0,0,2026-07-17:11.91; 2026-08-13:7.06; 2026-09-10:17.93
2026-10-06,lista-cdp,Lista CDP,CDP,value_locked,100.0,90,0,0,0,0,
2026-10-06,lista-lending,Lista Lending,Lending,fees,94.4,90,0,0,0,5,
2026-10-06,lista-lending,Lista Lending,Lending,revenue_to_holders,100.0,90,0,0,0,0,
2026-10-06,lista-lending,Lista Lending,Lending,revenue,94.4,90,0,1,0,4,2026-07-21:5.65
2026-10-06,lista-lending,Lista Lending,Lending,value_locked,100.0,90,0,0,0,0,
2026-10-06,lista-liquid-staking,Lista Liquid Staking,Liquid Staking,fees,100.0,90,0,0,0,0,
2026-10-06,lista-liquid-staking,Lista Liquid Staking,Liquid Staking,revenue_to_holders,100.0,90,0,0,0,0,
2026-10-06,lista-liquid-staking,Lista Liquid Staking,Liquid Staking,revenue,100.0,90,0,0,0,0,
2026-10-06,lista-liquid-staking,Lista Liquid Staking,Liquid Staking,value_locked,100.0,90,0,0,0,0,
2026-10-06,litecoin,Litecoin,Chains,fees,100.0,90,0,0,0,0,
2026-10-06,litecoin,Litecoin,Chains,value_locked,97.8,90,0,0,0,2,
2026-10-06,lofty,Lofty,RWA other,value_locked,100.0,90,0,0,0,0,
2026-10-06,lombard-btc.b,Lombard BTC.b,Liquidity bridges,value_locked,97.8,90,2,0,0,0,
2026-10-06,lombard-lbtc,Lombard LBTC,Restaked BTC,fees,95.6,90,0,4,0,0,2026-09-05:14.73; 2026-09-08:6.2; 2026-09-16:8.22; 2026-09-29:7.1
2026-10-06,lombard-lbtc,Lombard LBTC,Restaked BTC,revenue_to_holders,100.0,90,0,0,0,0,
2026-10-06,lombard-lbtc,Lombard LBTC,Restaked BTC,revenue,95.6,90,0,4,0,0,2026-09-05:14.73; 2026-09-08:6.2; 2026-09-16:8.22; 2026-09-29:7.11
2026-10-06,lombard-lbtc,Lombard LBTC,Restaked BTC,value_locked,100.0,90,0,0,0,0,
2026-10-06,lorenzo-enzobtc,Lorenzo enzoBTC,Liquidity bridges,value_locked,100.0,90,0,0,0,0,
2026-10-06,lumi-finance,Lumi Finance,Algo-Stables,value_locked,97.8,90,0,1,1,0,2026-07-10:0.34; 2026-09-22:121.79
2026-10-06,m0,M0,Stablecoin Issuer,fees,100.0,90,0,0,0,0,
2026-10-06,m0,M0,Stablecoin Issuer,revenue_to_holders,94.4,90,0,0,0,5,
2026-10-06,m0,M0,Stablecoin Issuer,revenue,94.4,90,0,0,0,5,
2026-10-06,m0,M0,Stablecoin Issuer,value_locked,100.0,90,0,0,0,0,
2026-10-06,mantle,Mantle,Chains,fees,98.9,90,0,1,0,0,2026-09-10:5.65
2026-10-06,mantle,Mantle,Chains,stablecoin_supply,95.6,90,0,0,0,4,
2026-10-06,mantle,Mantle,Chains,transactions,98.9,90,1,0,0,0,
2026-10-06,mantle,Mantle,Chains,value_locked,100.0,90,0,0,0,0,
2026-10-06,mantle-index-four-fund,Mantle Index Four Fund,RWA other,fees,98.9,90,1,0,0,0,
2026-10-06,mantle-index-four-fund,Mantle Index Four Fund,RWA other,revenue_to_holders,98.9,90,1,0,0,0,
2026-10-06,mantle-index-four-fund,Mantle Index Four Fund,RWA other,revenue,98.9,90,1,0,0,0,
2026-10-06,mantle-index-four-fund,Mantle Index Four Fund,RWA other,value_locked,76.7,90,21,0,0,0,
2026-10-06,maple,Maple,Lending,fees,91.1,90,1,7,0,0,2026-07-10:6.37; 2026-07-22:11.57; 2026-07-30:23.72; 2026-08-17:5.82; 2026-09-14:54.32; 2026-09-25:5.35; 2026-09-30:7.86
2026-10-06,maple,Maple,Lending,revenue_to_holders,91.1,90,1,7,0,0,2026-07-10:5.65; 2026-07-22:10.63; 2026-07-30:19.08; 2026-08-17:5.85; 2026-09-14:48.31; 2026-09-25:5.6; 2026-09-30:9.1
2026-10-06,maple,Maple,Lending,revenue,91.1,90,1,7,0,0,2026-07-10:5.65; 2026-07-22:10.63; 2026-07-30:19.07; 2026-08-17:5.85; 2026-09-14:48.29; 2026-09-25:5.6; 2026-09-30:9.1
2026-10-06,maple,Maple,Lending,value_locked,100.0,90,0,0,0,0,
2026-10-06,marinade-liquid-staking,Marinade Liquid Staking,Liquid Staking,fees,98.9,90,1,0,0,0,
2026-10-06,marinade-liquid-staking,Marinade Liquid Staking,Liquid Staking,revenue_to_holders,98.9,90,1,0,0,0,
2026-10-06,marinade-liquid-staking,Marinade Liquid Staking,Liquid Staking,revenue,98.9,90,1,0,0,0,
2026-10-06,marinade-liquid-staking,Marinade Liquid Staking,Liquid Staking,value_locked,100.0,90,0,0,0,0,
2026-10-06,marinade-native,Marinade Native,Staking Pool,fees,98.9,90,1,0,0,0,
2026-10-06,marinade-native,Marinade Native,Staking Pool,revenue_to_holders,98.9,90,1,0,0,0,
2026-10-06,marinade-native,Marinade Native,Staking Pool,revenue,98.9,90,1,0,0,0,
2026-10-06,marinade-native,Marinade Native,Staking Pool,value_locked,100.0,90,0,0,0,0,
2026-10-06,marinade-select,Marinade Select,Staking Pool,fees,98.9,90,1,0,0,0,
2026-10-06,marinade-select,Marinade Select,Staking Pool,revenue_to_holders,98.9,90,1,0,0,0,
2026-10-06,marinade-select,Marinade Select,Staking Pool,revenue,98.9,90,1,0,0,0,
2026-10-06,marinade-select,Marinade Select,Staking Pool,value_locked,100.0,90,0,0,0,0,
2026-10-06,mellow-core,Mellow Core,Onchain Capital Allocator,value_locked,100.0,90,0,0,0,0,
2026-10-06,mento-v2,Mento V2,Algo-Stables,fees,97.4,77,1,1,0,0,2026-09-14:7.98
2026-10-06,mento-v2,Mento V2,Algo-Stables,revenue_to_holders,98.7,77,1,0,0,0,
2026-10-06,mento-v2,Mento V2,Algo-Stables,revenue,97.4,77,1,1,0,0,2026-09-14:7.98
2026-10-06,mento-v2,Mento V2,Algo-Stables,value_locked,100.0,90,0,0,0,0,
2026-10-06,meridian-predict,Meridian Predict,Prediction Market,fees,90.5,21,2,0,0,0,
2026-10-06,meridian-predict,Meridian Predict,Prediction Market,value_locked,100.0,90,0,0,0,0,
2026-10-06,merlins-seal,Merlins Seal,Liquidity bridges,value_locked,100.0,90,0,0,0,0,
2026-10-06,meta-2-2,MetaDAO,DEXs,fees,100.0,90,0,0,0,0,
2026-10-06,meta-2-2,MetaDAO,DEXs,revenue_to_holders,100.0,90,0,0,0,0,
2026-10-06,meta-2-2,MetaDAO,DEXs,revenue,100.0,90,0,0,0,0,
2026-10-06,meta-2-2,MetaDAO,DEXs,dex_volume,98.9,90,0,1,0,0,2026-07-29:5.05
2026-10-06,meta-pool-near,Meta Pool Near,Liquid Staking,value_locked,100.0,90,0,0,0,0,
2026-10-06,meteora,Meteora,DEXs,fees,98.9,90,0,0,0,1,
2026-10-06,meteora,Meteora,DEXs,revenue_to_holders,100.0,90,0,0,0,0,
2026-10-06,meteora,Meteora,DEXs,revenue,98.9,90,0,0,0,1,
2026-10-06,meteora,Meteora,DEXs,dex_volume,100.0,90,0,0,0,0,
2026-10-06,meteora-dlmm,Meteora DLMM,DEXs,fees,98.9,90,1,0,0,0,
2026-10-06,meteora-dlmm,Meteora DLMM,DEXs,revenue_to_holders,98.1,52,1,0,0,0,
2026-10-06,meteora-dlmm,Meteora DLMM,DEXs,revenue,98.9,90,1,0,0,0,
2026-10-06,meteora-dlmm,Meteora DLMM,DEXs,value_locked,100.0,90,0,0,0,0,
2026-10-06,meteora-dlmm,Meteora DLMM,DEXs,dex_volume,100.0,90,0,0,0,0,
2026-10-06,meth-protocol,mETH Protocol,Liquid Staking,fees,97.8,90,1,1,0,0,2026-07-16:6.95
2026-10-06,meth-protocol,mETH Protocol,Liquid Staking,revenue_to_holders,98.9,90,1,0,0,0,
2026-10-06,meth-protocol,mETH Protocol,Liquid Staking,revenue,97.8,90,1,1,0,0,2026-07-16:6.95
2026-10-06,meth-protocol,mETH Protocol,Liquid Staking,value_locked,100.0,90,0,0,0,0,
2026-10-06,midas-rwa,Midas RWA,RWA tokenized treasuries,fees,96.7,90,1,2,0,0,2026-07-10:6.0; 2026-08-20:10.51
2026-10-06,midas-rwa,Midas RWA,RWA tokenized treasuries,revenue,97.8,90,1,1,0,0,2026-09-03:42.75
2026-10-06,midas-rwa,Midas RWA,RWA tokenized treasuries,value_locked,80.0,90,18,0,0,0,
2026-10-06,moonlander,Moonlander,Derivatives,fees,93.3,90,2,1,0,3,2026-09-28:17.87
2026-10-06,moonlander,Moonlander,Derivatives,value_locked,100.0,90,0,0,0,0,
2026-10-06,morpho,Morpho,Lending,fees,98.9,90,0,0,0,1,
2026-10-06,morpho,Morpho,Lending,revenue_to_holders,100.0,90,0,0,0,0,
2026-10-06,morpho,Morpho,Lending,revenue,100.0,90,0,0,0,0,
2026-10-06,morpho-blue,Morpho Blue,Lending,fees,96.7,90,1,0,0,2,
2026-10-06,morpho-blue,Morpho Blue,Lending,revenue_to_holders,98.9,90,1,0,0,0,
2026-10-06,morpho-blue,Morpho Blue,Lending,revenue,98.9,90,1,0,0,0,
2026-10-06,morpho-blue,Morpho Blue,Lending,value_locked,100.0,90,0,0,0,0,
2026-10-06,myriad-markets,Myriad Markets,Prediction Market,fees,93.3,90,1,5,0,0,2026-07-14:5.21; 2026-07-31:10.49; 2026-09-21:23.22; 2026-09-28:7.02; 2026-09-30:7.31
2026-10-06,myriad-markets,Myriad Markets,Prediction Market,revenue,94.4,90,1,3,0,1,2026-07-31:14.18; 2026-09-21:16.27; 2026-09-30:6.03
2026-10-06,myriad-markets,Myriad Markets,Prediction Market,value_locked,100.0,90,0,0,0,0,
2026-10-06,navi-lending,NAVI Lending,Lending,fees,98.9,90,1,0,0,0,
2026-10-06,navi-lending,NAVI Lending,Lending,revenue_to_holders,98.9,90,1,0,0,0,
2026-10-06,navi-lending,NAVI Lending,Lending,revenue,97.8,90,1,1,0,0,2026-07-28:5.36
2026-10-06,navi-lending,NAVI Lending,Lending,value_locked,100.0,90,0,0,0,0,
2026-10-06,near,NEAR Protocol,Chains,fees,100.0,90,0,0,0,0,
2026-10-06,near,NEAR Protocol,Chains,stablecoin_supply,100.0,90,0,0,0,0,
2026-10-06,near,NEAR Protocol,Chains,value_locked,90.0,90,0,0,0,9,
2026-10-06,near-bridge,NEAR Bridge,Canonical Bridge,value_locked,100.0,42,0,0,0,0,
2026-10-06,near-intents,NEAR Intents,Liquidity bridges,fees,83.3,90,1,0,0,16,
2026-10-06,near-intents,NEAR Intents,Liquidity bridges,revenue_to_holders,87.8,90,1,0,0,16,
2026-10-06,near-intents,NEAR Intents,Liquidity bridges,revenue,87.8,90,1,0,0,16,
2026-10-06,near-intents,NEAR Intents,Liquidity bridges,value_locked,100.0,90,0,0,0,0,
2026-10-06,neo,NEO,Chains,value_locked,100.0,90,0,0,0,0,
2026-10-06,nexus-btc,Nexus BTC,Liquidity bridges,value_locked,100.0,90,0,0,0,0,
2026-10-06,nexus-mutual,Nexus Mutual,Insurance,fees,91.1,90,1,7,0,0,2026-08-03:35.12; 2026-08-07:9.3; 2026-09-02:20.25; 2026-09-07:17.55; 2026-09-18:6.29; 2026-09-30:7.42; 2026-10-03:12.9
2026-10-06,nexus-mutual,Nexus Mutual,Insurance,revenue_to_holders,91.1,90,1,7,0,0,2026-08-03:35.12; 2026-08-07:9.3; 2026-09-02:20.28; 2026-09-07:17.56; 2026-09-18:6.29; 2026-09-30:7.42; 2026-10-03:12.88
2026-10-06,nexus-mutual,Nexus Mutual,Insurance,revenue,91.1,90,1,7,0,0,2026-08-03:35.12; 2026-08-07:9.3; 2026-09-02:20.28; 2026-09-07:17.56; 2026-09-18:6.29; 2026-09-30:7.42; 2026-10-03:12.88
2026-10-06,nexus-mutual,Nexus Mutual,Insurance,value_locked,100.0,90,0,0,0,0,
2026-10-06,nome-protocol,NOME Protocol,Algo-Stables,value_locked,100.0,90,0,0,0,0,
2026-10-06,nonce-capital,Nonce Capital,Risk Curators,value_locked,100.0,7,0,0,0,0,
2026-10-06,obol,Obol,Staking Pool,fees,90.0,90,5,4,0,0,2026-09-08:6.77; 2026-09-16:21.57; 2026-09-18:5.38; 2026-09-26:7.85
2026-10-06,obol,Obol,Staking Pool,revenue,86.7,90,5,7,0,0,2026-07-26:46.33; 2026-07-29:64.85; 2026-09-06:117.8; 2026-09-08:21.25; 2026-09-16:12.96; 2026-09-26:11.18; 2026-09-28:7.71
2026-10-06,obol,Obol,Staking Pool,value_locked,100.0,90,0,0,0,0,
2026-10-06,ondo-finance,Ondo,RWA other,fees,93.3,90,6,0,0,0,
2026-10-06,ondo-finance,Ondo,RWA other,revenue_to_holders,93.3,90,6,0,0,0,
2026-10-06,ondo-finance,Ondo,RWA other,revenue,93.3,90,6,0,0,0,
2026-10-06,ondo-global-markets,Ondo Global Markets,RWA other,value_locked,82.2,90,16,0,0,0,
2026-10-06,ondo-yield-assets,Ondo Yield Assets,RWA tokenized treasuries,fees,92.2,90,7,0,0,0,
2026-10-06,ondo-yield-assets,Ondo Yield Assets,RWA tokenized treasuries,revenue_to_holders,92.2,90,7,0,0,0,
2026-10-06,ondo-yield-assets,Ondo Yield Assets,RWA tokenized treasuries,revenue,92.2,90,7,0,0,0,
2026-10-06,ondo-yield-assets,Ondo Yield Assets,RWA tokenized treasuries,value_locked,76.7,90,21,0,0,0,
2026-10-06,onre,OnRe,RWA private credit,fees,98.9,90,1,0,0,0,
2026-10-06,onre,OnRe,RWA private credit,revenue,97.8,90,1,1,0,0,2026-09-21:945400.0
2026-10-06,onre,OnRe,RWA private credit,value_locked,100.0,90,0,0,0,0,
2026-10-06,openeden-tbill,OpenEden TBILL,RWA tokenized treasuries,fees,98.9,90,1,0,0,0,
2026-10-06,openeden-tbill,OpenEden TBILL,RWA tokenized treasuries,revenue,98.9,90,1,0,0,0,
2026-10-06,openeden-tbill,OpenEden TBILL,RWA tokenized treasuries,value_locked,76.7,90,21,0,0,0,
2026-10-06,opentrade,OpenTrade,RWA other,fees,97.8,90,1,0,0,1,
2026-10-06,opentrade,OpenTrade,RWA other,revenue,98.9,90,1,0,0,0,
2026-10-06,opentrade,OpenTrade,RWA other,value_locked,100.0,90,0,0,0,0,
2026-10-06,opinion,OPINION,Prediction Market,fees,97.8,90,1,0,0,1,
2026-10-06,opinion,OPINION,Prediction Market,revenue_to_holders,98.9,90,1,0,0,0,
2026-10-06,opinion,OPINION,Prediction Market,revenue,97.8,90,1,0,0,1,
2026-10-06,opinion,OPINION,Prediction Market,value_locked,100.0,90,0,0,0,0,
2026-10-06,optimism,Optimism,Chains,fees,98.9,90,0,1,0,0,2026-09-24:5.97
2026-10-06,optimism,Optimism,Chains,stablecoin_supply,100.0,90,0,0,0,0,
2026-10-06,optimism,Optimism,Chains,transactions,98.9,90,1,0,0,0,
2026-10-06,optimism,Optimism,Chains,value_locked,95.6,90,0,0,0,4,
2026-10-06,orca,Orca,DEXs,fees,100.0,90,0,0,0,0,
2026-10-06,orca,Orca,DEXs,revenue_to_holders,100.0,90,0,0,0,0,
2026-10-06,orca,Orca,DEXs,revenue,100.0,90,0,0,0,0,
2026-10-06,orca,Orca,DEXs,dex_volume,100.0,90,0,0,0,0,
2026-10-06,orca-dex,Orca DEX,DEXs,fees,98.9,90,1,0,0,0,
2026-10-06,orca-dex,Orca DEX,DEXs,revenue_to_holders,98.9,90,1,0,0,0,
2026-10-06,orca-dex,Orca DEX,DEXs,revenue,98.9,90,1,0,0,0,
2026-10-06,orca-dex,Orca DEX,DEXs,value_locked,100.0,90,0,0,0,0,
2026-10-06,orca-dex,Orca DEX,DEXs,dex_volume,100.0,90,0,0,0,0,
2026-10-06,ordernchaos,OrderNChaos,Algo-Stables,value_locked,100.0,90,0,0,0,0,
2026-10-06,ostable,Ostable,Algo-Stables,value_locked,100.0,90,0,0,0,0,
2026-10-06,ostium,Ostium,Derivatives,fees,95.6,90,1,3,0,0,2026-07-09:6.41; 2026-08-31:11.43; 2026-09-28:5.63
2026-10-06,ostium,Ostium,Derivatives,revenue,97.8,90,1,1,0,0,2026-07-30:6.0
2026-10-06,ostium,Ostium,Derivatives,value_locked,100.0,90,0,0,0,0,
2026-10-06,overtime,Overtime,Prediction Market,fees,4.4,90,1,3,0,85,2026-07-13:12.73; 2026-07-20:11.29; 2026-09-05:5.1
2026-10-06,overtime,Overtime,Prediction Market,revenue_to_holders,4.4,90,1,0,0,85,
2026-10-06,overtime,Overtime,Prediction Market,revenue,4.4,90,1,3,0,85,2026-07-13:13.03; 2026-07-20:11.72; 2026-09-05:5.12
2026-10-06,overtime,Overtime,Prediction Market,value_locked,100.0,90,0,0,0,0,
2026-10-06,pacifica-perps,Pacifica Perps,Derivatives,fees,98.8,81,1,0,0,0,
2026-10-06,pacifica-perps,Pacifica Perps,Derivatives,revenue,98.8,81,1,0,0,0,
2026-10-06,pacifica-perps,Pacifica Perps,Derivatives,value_locked,100.0,90,0,0,0,0,
2026-10-06,pancakeswap-amm,PancakeSwap AMM,DEXs,fees,90.0,90,8,1,0,0,2026-08-02:6.25
2026-10-06,pancakeswap-amm,PancakeSwap AMM,DEXs,revenue_to_holders,90.0,90,8,1,0,0,2026-08-02:6.25
2026-10-06,pancakeswap-amm,PancakeSwap AMM,DEXs,revenue,90.0,90,8,1,0,0,2026-08-02:6.25
2026-10-06,pancakeswap-amm,PancakeSwap AMM,DEXs,value_locked,94.4,90,5,0,0,0,
2026-10-06,pancakeswap-amm,PancakeSwap AMM,DEXs,dex_volume,97.8,90,0,2,0,0,2026-08-02:6.54; 2026-09-08:5.67
2026-10-06,pancakeswap-amm-v3,PancakeSwap AMM V3,DEXs,fees,97.8,90,2,0,0,0,
2026-10-06,pancakeswap-amm-v3,PancakeSwap AMM V3,DEXs,revenue_to_holders,97.8,90,2,0,0,0,
2026-10-06,pancakeswap-amm-v3,PancakeSwap AMM V3,DEXs,revenue,97.8,90,2,0,0,0,
2026-10-06,pancakeswap-amm-v3,PancakeSwap AMM V3,DEXs,value_locked,100.0,90,0,0,0,0,
2026-10-06,pancakeswap-amm-v3,PancakeSwap AMM V3,DEXs,dex_volume,100.0,90,0,0,0,0,
2026-10-06,pancakeswap-token,PancakeSwap,DEXs,fees,95.6,90,0,0,0,4,
2026-10-06,pancakeswap-token,PancakeSwap,DEXs,revenue_to_holders,95.6,90,0,0,0,4,
2026-10-06,pancakeswap-token,PancakeSwap,DEXs,revenue,95.6,90,0,0,0,4,
2026-10-06,pancakeswap-token,PancakeSwap,DEXs,dex_volume,92.2,90,0,0,0,7,
2026-10-06,pareto-credit,Pareto Credit,Uncollateralized Lending,value_locked,30.0,90,0,0,0,63,
2026-10-06,pascal,Pascal,Prediction Market,value_locked,100.0,70,0,0,0,0,
2026-10-06,paxos-gold,Paxos Gold,RWA other,fees,98.9,90,1,0,0,0,
2026-10-06,paxos-gold,Paxos Gold,RWA other,revenue,98.9,90,1,0,0,0,
2026-10-06,paxos-gold,Paxos Gold,RWA other,value_locked,76.7,90,21,0,0,0,
2026-10-06,pegasusdollar,Pegasusdollar,Algo-Stables,value_locked,100.0,90,0,0,0,0,
2026-10-06,pendle,Pendle,Yield,fees,86.7,90,0,5,0,7,2026-07-13:11.19; 2026-07-27:18.4; 2026-08-10:23.92; 2026-09-07:14.31; 2026-09-21:7.98
2026-10-06,pendle,Pendle,Yield,revenue_to_holders,86.7,90,0,5,0,7,2026-07-13:13.73; 2026-07-27:22.59; 2026-08-10:28.22; 2026-09-07:16.28; 2026-09-21:9.06
2026-10-06,pendle,Pendle,Yield,revenue,86.7,90,0,5,0,7,2026-07-13:11.48; 2026-07-27:18.8; 2026-08-10:24.83; 2026-09-07:14.57; 2026-09-21:8.09
2026-10-06,pendle-v2,Pendle V2,Yield,fees,92.2,90,1,5,0,1,2026-07-13:13.07; 2026-07-27:22.16; 2026-08-10:27.15; 2026-09-07:15.92; 2026-09-21:8.93
2026-10-06,pendle-v2,Pendle V2,Yield,revenue_to_holders,92.2,90,1,5,0,1,2026-07-13:13.73; 2026-07-27:22.59; 2026-08-10:28.22; 2026-09-07:16.28; 2026-09-21:9.06
2026-10-06,pendle-v2,Pendle V2,Yield,revenue,92.2,90,1,5,0,1,2026-07-13:13.73; 2026-07-27:22.59; 2026-08-10:28.22; 2026-09-07:16.28; 2026-09-21:9.06
2026-10-06,pendle-v2,Pendle V2,Yield,value_locked,100.0,90,0,0,0,0,
2026-10-06,phantom-sol,Phantom SOL,Liquid Staking,fees,78.9,90,1,18,0,0,2026-07-12:8286.78; 2026-07-14:593.06; 2026-07-16:86.71; 2026-07-18:86.8; 2026-07-20:83.79; 2026-07-22:85.43; 2026-07-25:48.45; 2026-07-27:47.48; 2026-07-29:47.42; 2026-07-31:57.77; 2026-08-02:57.44; 2026-08-04:57.52; 2026-08-06:56.69; 2026-08-08:59.07; 2026-08-10:85.29; 2026-08-13:60.3; 2026-08-15:57.53; 2026-09-02:60.12
2026-10-06,phantom-sol,Phantom SOL,Liquid Staking,revenue,96.7,90,1,2,0,0,2026-07-16:5.94; 2026-09-26:5.41
2026-10-06,phantom-sol,Phantom SOL,Liquid Staking,value_locked,100.0,90,0,0,0,0,
2026-10-06,phase-delegation,Phase Delegation,Liquid Staking,fees,86.7,90,1,11,0,0,2026-07-10:73006.06; 2026-07-12:71869.7; 2026-07-27:77735.59; 2026-07-29:77172.88; 2026-07-31:76406.78; 2026-08-04:75186.67; 2026-08-06:73413.33; 2026-08-08:77076.67; 2026-08-10:77690.0; 2026-08-13:4679600.0; 2026-08-15:2281300.0
2026-10-06,phase-delegation,Phase Delegation,Liquid Staking,revenue,86.7,90,1,11,0,0,2026-07-10:3651.52; 2026-07-12:3593.94; 2026-07-27:3888.14; 2026-07-29:3857.63; 2026-07-31:3820.34; 2026-08-04:3760.0; 2026-08-06:3670.0; 2026-08-08:3853.33; 2026-08-10:3883.33; 2026-08-13:234000.0; 2026-08-15:114100.0
2026-10-06,phase-delegation,Phase Delegation,Liquid Staking,value_locked,100.0,41,0,0,0,0,
2026-10-06,pinksale,PinkSale,Launchpad,fees,84.4,90,1,13,0,0,2026-07-09:42.22; 2026-07-19:1975.76; 2026-07-23:973.71; 2026-07-31:13.86; 2026-08-11:56.19; 2026-08-19:48.65; 2026-08-29:6.25; 2026-09-03:391.01; 2026-09-15:10.09; 2026-09-18:46.68; 2026-09-21:7.84; 2026-09-23:23.58; 2026-09-28:6.57
2026-10-06,pinksale,PinkSale,Launchpad,revenue_to_holders,98.9,90,1,0,0,0,
2026-10-06,pinksale,PinkSale,Launchpad,revenue,84.4,90,1,13,0,0,2026-07-09:42.22; 2026-07-19:1975.76; 2026-07-23:973.71; 2026-07-31:13.86; 2026-08-11:56.19; 2026-08-19:48.65; 2026-08-29:6.25; 2026-09-03:391.01; 2026-09-15:10.09; 2026-09-18:46.68; 2026-09-21:7.84; 2026-09-23:23.58; 2026-09-28:6.57
2026-10-06,pinksale,PinkSale,Launchpad,value_locked,98.9,90,1,0,0,0,
2026-10-06,plume-vaults,Plume Vaults,RWA other,fees,97.8,90,1,1,0,0,2026-07-22:5.01
2026-10-06,plume-vaults,Plume Vaults,RWA other,revenue,98.9,90,1,0,0,0,
2026-10-06,plume-vaults,Plume Vaults,RWA other,value_locked,100.0,90,0,0,0,0,
2026-10-06,polkadot,Polkadot,Chains,fees,97.8,90,0,2,0,0,2026-07-25:178.67; 2026-08-06:8.0
2026-10-06,polkadot,Polkadot,Chains,stablecoin_supply,100.0,90,0,0,0,0,
2026-10-06,polkadot,Polkadot,Chains,value_locked,100.0,90,0,0,0,0,
2026-10-06,polygon-ecosystem-token,POL (ex-MATIC),Chains,fees,100.0,90,0,0,0,0,
2026-10-06,polygon-ecosystem-token,POL (ex-MATIC),Chains,stablecoin_supply,100.0,90,0,0,0,0,
2026-10-06,polygon-ecosystem-token,POL (ex-MATIC),Chains,value_locked,96.7,90,0,0,0,3,
2026-10-06,polymarket-international,Polymarket International,Prediction Market,fees,7.8,90,1,0,0,82,
2026-10-06,polymarket-international,Polymarket International,Prediction Market,revenue,6.7,90,1,0,0,83,
2026-10-06,polymarket-international,Polymarket International,Prediction Market,value_locked,100.0,90,0,0,0,0,
2026-10-06,pons,Pons,Launchpad,fees,70.6,85,0,0,0,25,
2026-10-06,pons,Pons,Launchpad,revenue_to_holders,65.9,85,0,2,0,27,2026-08-25:9.67; 2026-09-22:5.03
2026-10-06,pons,Pons,Launchpad,revenue,70.6,85,0,0,0,25,
2026-10-06,portal,Portal,Liquidity bridges,fees,98.9,90,1,0,0,0,
2026-10-06,portal,Portal,Liquidity bridges,revenue,98.9,90,1,0,0,0,
2026-10-06,portal,Portal,Liquidity bridges,value_locked,100.0,90,0,0,0,0,
2026-10-06,prdt,PRDT,Prediction Market,value_locked,100.0,90,0,0,0,0,
2026-10-06,predict-fun,Predict Fun,Prediction Market,fees,97.8,90,1,0,0,1,
2026-10-06,predict-fun,Predict Fun,Prediction Market,revenue,97.8,90,1,0,0,1,
2026-10-06,predict-fun,Predict Fun,Prediction Market,value_locked,100.0,90,0,0,0,0,
2026-10-06,predictex,PredictEX,Prediction Market,value_locked,100.0,40,0,0,0,0,
2026-10-06,predictstreet,PredictStreet,Prediction Market,fees,96.7,90,1,2,0,0,2026-09-28:5.22; 2026-09-30:5.43
2026-10-06,predictstreet,PredictStreet,Prediction Market,revenue,96.7,90,1,2,0,0,2026-09-28:5.22; 2026-09-30:5.43
2026-10-06,predictstreet,PredictStreet,Prediction Market,value_locked,100.0,76,0,0,0,0,
2026-10-06,pulse-rate,Pulse Rate,Algo-Stables,value_locked,98.9,90,0,0,1,0,2026-09-11:0.4
2026-10-06,pump-fun,Pump.fun,Launchpad,fees,96.7,90,0,0,0,3,
2026-10-06,pump-fun,Pump.fun,Launchpad,revenue_to_holders,97.8,90,0,0,0,2,
2026-10-06,pump-fun,Pump.fun,Launchpad,revenue,96.7,90,0,0,0,3,
2026-10-06,pump-fun,Pump.fun,Launchpad,dex_volume,84.4,90,0,0,0,14,
2026-10-06,pumpswap,PumpSwap,DEXs,fees,98.9,90,1,0,0,0,
2026-10-06,pumpswap,PumpSwap,DEXs,revenue_to_holders,98.9,90,1,0,0,0,
2026-10-06,pumpswap,PumpSwap,DEXs,revenue,98.9,90,1,0,0,0,
2026-10-06,pumpswap,PumpSwap,DEXs,value_locked,100.0,90,0,0,0,0,
2026-10-06,pumpswap,PumpSwap,DEXs,dex_volume,100.0,90,0,0,0,0,
2026-10-06,pyth-network,Pyth Network,Oracle,value_locked,100.0,90,0,0,0,0,
2026-10-06,quickswap-dex,Quickswap Dex,DEXs,fees,98.9,90,1,0,0,0,
2026-10-06,quickswap-dex,Quickswap Dex,DEXs,revenue_to_holders,98.9,90,1,0,0,0,
2026-10-06,quickswap-dex,Quickswap Dex,DEXs,revenue,98.9,90,1,0,0,0,
2026-10-06,quickswap-dex,Quickswap Dex,DEXs,value_locked,100.0,90,0,0,0,0,
2026-10-06,quickswap-dex,Quickswap Dex,DEXs,dex_volume,100.0,90,0,0,0,0,
2026-10-06,r25,R25,RWA other,value_locked,100.0,90,0,0,0,0,
2026-10-06,raac,RAAC,RWA other,value_locked,78.9,90,19,0,0,0,
2026-10-06,railgun,Railgun,Privacy,fees,66.7,90,1,2,0,27,2026-07-10:5.62; 2026-09-29:6.06
2026-10-06,railgun,Railgun,Privacy,revenue_to_holders,98.9,90,1,0,0,0,
2026-10-06,railgun,Railgun,Privacy,revenue,66.7,90,1,2,0,27,2026-07-10:5.62; 2026-09-29:6.06
2026-10-06,railgun,Railgun,Privacy,value_locked,100.0,90,0,0,0,0,
2026-10-06,rain,Rain,Prediction Market,fees,98.9,90,1,0,0,0,
2026-10-06,rain,Rain,Prediction Market,revenue_to_holders,98.9,90,1,0,0,0,
2026-10-06,rain,Rain,Prediction Market,revenue,98.9,90,1,0,0,0,
2026-10-06,rain,Rain,Prediction Market,value_locked,100.0,90,0,0,0,0,
2026-10-06,raydium,Raydium,DEXs,fees,100.0,90,0,0,0,0,
2026-10-06,raydium,Raydium,DEXs,revenue_to_holders,100.0,90,0,0,0,0,
2026-10-06,raydium,Raydium,DEXs,revenue,100.0,90,0,0,0,0,
2026-10-06,raydium,Raydium,DEXs,dex_volume,84.4,90,0,0,0,14,
2026-10-06,raydium-amm,Raydium AMM,DEXs,fees,98.9,90,1,0,0,0,
2026-10-06,raydium-amm,Raydium AMM,DEXs,revenue_to_holders,98.9,90,1,0,0,0,
2026-10-06,raydium-amm,Raydium AMM,DEXs,revenue,98.9,90,1,0,0,0,
2026-10-06,raydium-amm,Raydium AMM,DEXs,value_locked,100.0,90,0,0,0,0,
2026-10-06,raydium-amm,Raydium AMM,DEXs,dex_volume,100.0,90,0,0,0,0,
2026-10-06,re,Re,RWA private credit,fees,97.8,90,1,0,0,1,
2026-10-06,re,Re,RWA private credit,revenue,91.1,90,1,7,0,0,2026-07-12:605.41; 2026-07-14:156.0; 2026-07-16:1167.57; 2026-08-06:1600.0; 2026-08-25:856.0; 2026-09-02:40.8; 2026-09-05:44.0
2026-10-06,re,Re,RWA private credit,value_locked,100.0,90,0,0,0,0,
2026-10-06,realt-tokens,RealT Tokens,RWA other,value_locked,100.0,90,0,0,0,0,
2026-10-06,renzo,Renzo,Liquid Restaking,fees,94.4,90,1,0,0,4,
2026-10-06,renzo,Renzo,Liquid Restaking,revenue_to_holders,98.9,90,1,0,0,0,
2026-10-06,renzo,Renzo,Liquid Restaking,revenue,93.3,90,1,0,0,5,
2026-10-06,renzo,Renzo,Liquid Restaking,value_locked,100.0,90,0,0,0,0,
2026-10-06,rhea-lend,Rhea Lend,Lending,fees,98.9,90,1,0,0,0,
2026-10-06,rhea-lend,Rhea Lend,Lending,revenue,98.9,90,1,0,0,0,
2026-10-06,rhea-lend,Rhea Lend,Lending,value_locked,97.8,90,0,0,2,0,2026-08-04:0.47; 2026-08-30:0.46
2026-10-06,ripple,XRP,Chains,fees,100.0,90,0,0,0,0,
2026-10-06,ripple,XRP,Chains,stablecoin_supply,100.0,90,0,0,0,0,
2026-10-06,ripple,XRP,Chains,value_locked,95.6,90,0,0,0,4,
2026-10-06,risex,RISEx,Derivatives,value_locked,100.0,90,0,0,0,0,
2026-10-06,robinhood-chain,,Chains,fees,100.0,90,0,0,0,0,
2026-10-06,robinhood-chain,,Chains,stablecoin_supply,100.0,90,0,0,0,0,
2026-10-06,robinhood-chain,,Chains,value_locked,100.0,90,0,0,0,0,
2026-10-06,robinhood-chain,,Chains,dex_volume,94.4,90,0,0,0,5,
2026-10-06,robinhood-chain-bridge,Robinhood Chain Bridge,Canonical Bridge,value_locked,100.0,90,0,0,0,0,
2026-10-06,rockawayx,RockawayX,Risk Curators,fees,98.9,90,1,0,0,0,
2026-10-06,rockawayx,RockawayX,Risk Curators,revenue,98.9,90,1,0,0,0,
2026-10-06,rockawayx,RockawayX,Risk Curators,value_locked,100.0,90,0,0,0,0,
2026-10-06,rocket-pool,Rocket Pool,Liquid Staking,fees,96.7,90,1,2,0,0,2026-07-16:82.96; 2026-07-25:5.09
2026-10-06,rocket-pool,Rocket Pool,Liquid Staking,revenue,98.9,90,1,0,0,0,
2026-10-06,rocket-pool,Rocket Pool,Liquid Staking,value_locked,100.0,90,0,0,0,0,
2026-10-06,rocketswap-anubis,RocketSwap Anubis,DEXs,value_locked,100.0,90,0,0,0,0,
2026-10-06,sanctum-infinity,Sanctum Infinity,DEXs,fees,98.9,90,1,0,0,0,
2026-10-06,sanctum-infinity,Sanctum Infinity,DEXs,revenue_to_holders,98.9,90,1,0,0,0,
2026-10-06,sanctum-infinity,Sanctum Infinity,DEXs,revenue,98.9,90,1,0,0,0,
2026-10-06,sanctum-infinity,Sanctum Infinity,DEXs,value_locked,100.0,90,0,0,0,0,
2026-10-06,sanctum-infinity,Sanctum Infinity,DEXs,dex_volume,93.3,90,0,6,0,0,2026-07-10:9.73; 2026-07-26:5.41; 2026-08-20:5.12; 2026-09-15:6.72; 2026-09-18:6.1; 2026-09-22:101.52
2026-10-06,sanctum-validator-lsts,Sanctum Validator LSTs,Liquid Staking,fees,78.9,90,1,18,0,0,2026-07-10:864.43; 2026-07-12:848.23; 2026-07-14:363.92; 2026-07-16:188.99; 2026-07-18:187.12; 2026-07-20:194.43; 2026-07-22:200.45; 2026-07-25:184.65; 2026-07-27:188.32; 2026-07-29:251.07; 2026-07-31:179.58; 2026-08-02:178.76; 2026-08-04:181.88; 2026-08-06:178.04; 2026-08-08:190.75; 2026-08-10:191.03; 2026-08-13:157.8; 2026-08-15:95.38
2026-10-06,sanctum-validator-lsts,Sanctum Validator LSTs,Liquid Staking,revenue_to_holders,98.9,90,1,0,0,0,
2026-10-06,sanctum-validator-lsts,Sanctum Validator LSTs,Liquid Staking,revenue,88.9,90,1,9,0,0,2026-07-10:23.8; 2026-07-12:23.23; 2026-07-14:9.57; 2026-07-20:6.71; 2026-07-22:12.0; 2026-07-27:11.21; 2026-07-29:6.55; 2026-08-06:5.43; 2026-08-10:5.0
2026-10-06,sanctum-validator-lsts,Sanctum Validator LSTs,Liquid Staking,value_locked,100.0,90,0,0,0,0,
2026-10-06,saturn,Saturn,Stablecoin Wrapper,fees,84.4,90,6,8,0,0,2026-07-27:32.42; 2026-07-30:24.3; 2026-08-03:29.02; 2026-08-05:15.57; 2026-08-07:7.11; 2026-08-24:17.12; 2026-08-27:11.23; 2026-09-11:6.89
2026-10-06,saturn,Saturn,Stablecoin Wrapper,revenue,92.2,90,6,1,0,0,2026-08-12:15.04
2026-10-06,saturn,Saturn,Stablecoin Wrapper,value_locked,100.0,90,0,0,0,0,
2026-10-06,scroll,Scroll,Chains,stablecoin_supply,98.9,90,0,0,1,0,2026-08-29:0.01
2026-10-06,scroll,Scroll,Chains,transactions,98.9,90,1,0,0,0,
2026-10-06,seer,Seer,Prediction Market,value_locked,100.0,90,0,0,0,0,
2026-10-06,sei-network,Sei,Chains,fees,100.0,90,0,0,0,0,
2026-10-06,sei-network,Sei,Chains,stablecoin_supply,95.6,90,0,0,0,4,
2026-10-06,sei-network,Sei,Chains,value_locked,92.2,90,0,0,0,7,
2026-10-06,sentora-curator,Sentora Curator,Risk Curators,fees,98.9,90,1,0,0,0,
2026-10-06,sentora-curator,Sentora Curator,Risk Curators,revenue,97.8,90,1,0,0,1,
2026-10-06,sentora-curator,Sentora Curator,Risk Curators,value_locked,20.0,90,0,0,0,72,
2026-10-06,sigmausd,Sigmausd,Algo-Stables,value_locked,100.0,90,0,0,0,0,
2026-10-06,sky-lending,Sky Lending,CDP,fees,98.9,90,1,0,0,0,
2026-10-06,sky-lending,Sky Lending,CDP,revenue_to_holders,98.9,90,1,0,0,0,
2026-10-06,sky-lending,Sky Lending,CDP,revenue,98.9,90,1,0,0,0,
2026-10-06,sky-lending,Sky Lending,CDP,value_locked,100.0,90,0,0,0,0,
2026-10-06,sky-money,Sky Money,Risk Curators,fees,98.9,90,1,0,0,0,
2026-10-06,sky-money,Sky Money,Risk Curators,revenue_to_holders,98.9,90,1,0,0,0,
2026-10-06,sky-money,Sky Money,Risk Curators,revenue,98.9,90,1,0,0,0,
2026-10-06,sky-money,Sky Money,Risk Curators,value_locked,100.0,90,0,0,0,0,
2026-10-06,sky-rwa,Sky RWA,RWA private credit,value_locked,100.0,90,0,0,0,0,
2026-10-06,solana,Solana,Chains,fees,100.0,90,0,0,0,0,
2026-10-06,solana,Solana,Chains,stablecoin_supply,95.6,90,0,0,0,4,
2026-10-06,solana,Solana,Chains,value_locked,96.7,90,0,0,0,3,
2026-10-06,solstice,Solstice,Basis Trading,fees,98.9,90,1,0,0,0,
2026-10-06,solstice,Solstice,Basis Trading,revenue,98.9,90,1,0,0,0,
2026-10-06,solstice,Solstice,Basis Trading,value_locked,100.0,90,0,0,0,0,
2026-10-06,solv-basis-trading,Solv Basis Trading,Basis Trading,value_locked,100.0,90,0,0,0,0,
2026-10-06,solvbtc,SolvBTC,Liquidity bridges,fees,98.9,90,1,0,0,0,
2026-10-06,solvbtc,SolvBTC,Liquidity bridges,revenue_to_holders,98.9,90,1,0,0,0,
2026-10-06,solvbtc,SolvBTC,Liquidity bridges,revenue,98.9,90,1,0,0,0,
2026-10-06,solvbtc,SolvBTC,Liquidity bridges,value_locked,100.0,90,0,0,0,0,
2026-10-06,sosovalue-indexes,SoSoValue Indexes,Indexes,fees,98.9,90,1,0,0,0,
2026-10-06,sosovalue-indexes,SoSoValue Indexes,Indexes,revenue_to_holders,98.9,90,1,0,0,0,
2026-10-06,sosovalue-indexes,SoSoValue Indexes,Indexes,revenue,98.9,90,1,0,0,0,
2026-10-06,sosovalue-indexes,SoSoValue Indexes,Indexes,value_locked,100.0,90,0,0,0,0,
2026-10-06,spark-liquidity-layer,Spark Liquidity Layer,Onchain Capital Allocator,fees,6.7,90,1,0,0,89,
2026-10-06,spark-liquidity-layer,Spark Liquidity Layer,Onchain Capital Allocator,revenue_to_holders,98.9,90,1,0,0,0,
2026-10-06,spark-liquidity-layer,Spark Liquidity Layer,Onchain Capital Allocator,revenue,1.1,90,1,2,0,94,2026-07-27:5.24; 2026-08-21:13.29
2026-10-06,spark-liquidity-layer,Spark Liquidity Layer,Onchain Capital Allocator,value_locked,100.0,90,0,0,0,0,
2026-10-06,spark-savings,Spark Savings,Yield,value_locked,100.0,90,0,0,0,0,
2026-10-06,sparklend,SparkLend,Lending,fees,98.9,90,1,0,0,0,
2026-10-06,sparklend,SparkLend,Lending,revenue_to_holders,98.9,90,1,0,0,0,
2026-10-06,sparklend,SparkLend,Lending,revenue,97.8,90,1,0,0,1,
2026-10-06,sparklend,SparkLend,Lending,value_locked,100.0,90,0,0,0,0,
2026-10-06,spiko,Spiko,RWA tokenized treasuries,fees,96.7,90,1,2,0,0,2026-07-13:20.23; 2026-07-15:12.01
2026-10-06,spiko,Spiko,RWA tokenized treasuries,revenue,98.9,90,1,0,0,0,
2026-10-06,spiko,Spiko,RWA tokenized treasuries,value_locked,76.7,90,21,0,0,0,
2026-10-06,sport.fun,Sport.fun,Prediction Market,fees,98.9,90,1,0,0,0,
2026-10-06,sport.fun,Sport.fun,Prediction Market,revenue,98.9,90,1,0,0,0,
2026-10-06,sport.fun,Sport.fun,Prediction Market,value_locked,100.0,90,0,0,0,0,
2026-10-06,spot-cash,SPOT Cash,Algo-Stables,value_locked,100.0,90,0,0,0,0,
2026-10-06,ssv-network,SSV Network,Staking Pool,fees,97.8,90,1,0,0,1,
2026-10-06,ssv-network,SSV Network,Staking Pool,revenue_to_holders,97.8,90,1,0,0,1,
2026-10-06,ssv-network,SSV Network,Staking Pool,revenue,97.8,90,1,0,0,1,
2026-10-06,ssv-network,SSV Network,Staking Pool,value_locked,100.0,90,0,0,0,0,
2026-10-06,stacks-sbtc,Stacks sBTC,Liquidity bridges,value_locked,93.3,90,5,0,1,0,2026-08-06:0.0
2026-10-06,stader,Stader,Liquid Staking,fees,98.9,90,1,0,0,0,
2026-10-06,stader,Stader,Liquid Staking,revenue_to_holders,98.9,90,1,0,0,0,
2026-10-06,stader,Stader,Liquid Staking,revenue,98.9,90,1,0,0,0,
2026-10-06,stader,Stader,Liquid Staking,value_locked,100.0,90,0,0,0,0,
2026-10-06,stake-dao-yield,Stake DAO Yield,Yield,fees,96.7,90,1,2,0,0,2026-08-17:64.81; 2026-08-31:32.97
2026-10-06,stake-dao-yield,Stake DAO Yield,Yield,revenue_to_holders,98.9,90,1,0,0,0,
2026-10-06,stake-dao-yield,Stake DAO Yield,Yield,revenue,96.7,90,1,2,0,0,2026-08-17:64.81; 2026-08-31:32.97
2026-10-06,stake-dao-yield,Stake DAO Yield,Yield,value_locked,100.0,90,0,0,0,0,
2026-10-06,stakewise-v3,StakeWise V3,Liquid Staking,fees,98.9,90,1,0,0,0,
2026-10-06,stakewise-v3,StakeWise V3,Liquid Staking,revenue_to_holders,98.9,90,1,0,0,0,
2026-10-06,stakewise-v3,StakeWise V3,Liquid Staking,revenue,98.9,90,1,0,0,0,
2026-10-06,stakewise-v3,StakeWise V3,Liquid Staking,value_locked,100.0,90,0,0,0,0,
2026-10-06,stargate-v2,Stargate V2,Cross Chain Bridge,fees,96.7,90,1,1,0,1,2026-09-16:6.84
2026-10-06,stargate-v2,Stargate V2,Cross Chain Bridge,revenue,96.7,90,1,1,0,1,2026-09-16:6.84
2026-10-06,stargate-v2,Stargate V2,Cross Chain Bridge,value_locked,100.0,90,0,0,0,0,
2026-10-06,starknet,Starknet,Chains,fees,100.0,90,0,0,0,0,
2026-10-06,starknet,Starknet,Chains,stablecoin_supply,98.9,90,0,0,1,0,2026-09-18:0.06
2026-10-06,starknet,Starknet,Chains,transactions,98.9,90,1,0,0,0,
2026-10-06,starknet,Starknet,Chains,value_locked,100.0,90,0,0,0,0,
2026-10-06,steakhouse-financial,Steakhouse Financial,Risk Curators,fees,98.9,90,1,0,0,0,
2026-10-06,steakhouse-financial,Steakhouse Financial,Risk Curators,revenue_to_holders,98.9,90,1,0,0,0,
2026-10-06,steakhouse-financial,Steakhouse Financial,Risk Curators,revenue,97.8,90,1,0,0,1,
2026-10-06,steakhouse-financial,Steakhouse Financial,Risk Curators,value_locked,100.0,90,0,0,0,0,
2026-10-06,stellar,Stellar,Chains,fees,100.0,90,0,0,0,0,
2026-10-06,stellar,Stellar,Chains,stablecoin_supply,95.6,90,0,0,0,4,
2026-10-06,stellar,Stellar,Chains,value_locked,95.6,90,0,0,0,4,
2026-10-06,sthype,stHYPE,Liquid Staking,fees,98.9,90,1,0,0,0,
2026-10-06,sthype,stHYPE,Liquid Staking,revenue,98.9,90,1,0,0,0,
2026-10-06,sthype,stHYPE,Liquid Staking,value_locked,100.0,90,0,0,0,0,
2026-10-06,stonkpress,StonkPress,Algo-Stables,value_locked,100.0,2,0,0,0,0,
2026-10-06,stusdt,stUSDT,RWA tokenized treasuries,fees,98.9,90,1,0,0,0,
2026-10-06,stusdt,stUSDT,RWA tokenized treasuries,revenue_to_holders,98.9,90,1,0,0,0,
2026-10-06,stusdt,stUSDT,RWA tokenized treasuries,revenue,94.4,90,1,4,0,0,2026-07-10:6.29; 2026-07-19:1240.8; 2026-08-11:540.0; 2026-09-07:796.19
2026-10-06,stusdt,stUSDT,RWA tokenized treasuries,value_locked,100.0,90,0,0,0,0,
2026-10-06,sui,Sui,Chains,fees,94.4,90,1,0,0,4,
2026-10-06,sui,Sui,Chains,stablecoin_supply,95.6,90,0,0,0,4,
2026-10-06,sui,Sui,Chains,value_locked,96.7,90,0,0,0,3,
2026-10-06,suilend,Suilend,Lending,fees,13.3,90,1,1,0,77,2026-08-22:5.25
2026-10-06,suilend,Suilend,Lending,revenue_to_holders,98.9,90,1,0,0,0,
2026-10-06,suilend,Suilend,Lending,revenue,13.3,90,1,1,0,77,2026-08-22:10.77
2026-10-06,suilend,Suilend,Lending,value_locked,100.0,90,0,0,0,0,
2026-10-06,sun-token,Sun Token,DEXs,fees,97.8,90,0,0,0,2,
2026-10-06,sun-token,Sun Token,DEXs,revenue_to_holders,100.0,90,0,0,0,0,
2026-10-06,sun-token,Sun Token,DEXs,revenue,96.7,90,0,1,0,2,2026-08-11:5.6
2026-10-06,sun-token,Sun Token,DEXs,dex_volume,98.9,90,0,0,0,1,
2026-10-06,sunswap-v2,SUNSwap V2,DEXs,fees,98.9,90,1,0,0,0,
2026-10-06,sunswap-v2,SUNSwap V2,DEXs,revenue_to_holders,98.9,90,1,0,0,0,
2026-10-06,sunswap-v2,SUNSwap V2,DEXs,revenue,98.9,90,1,0,0,0,
2026-10-06,sunswap-v2,SUNSwap V2,DEXs,value_locked,98.9,90,1,0,0,0,
2026-10-06,sunswap-v2,SUNSwap V2,DEXs,dex_volume,100.0,90,0,0,0,0,
2026-10-06,sunswap-v3,SUNSwap V3,DEXs,fees,98.9,90,1,0,0,0,
2026-10-06,sunswap-v3,SUNSwap V3,DEXs,revenue,98.9,90,1,0,0,0,
2026-10-06,sunswap-v3,SUNSwap V3,DEXs,value_locked,100.0,90,0,0,0,0,
2026-10-06,sunswap-v3,SUNSwap V3,DEXs,dex_volume,100.0,90,0,0,0,0,
2026-10-06,sushi,,DEXs,fees,97.8,90,0,0,0,2,
2026-10-06,sushi,,DEXs,revenue_to_holders,100.0,90,0,0,0,0,
2026-10-06,sushi,,DEXs,revenue,98.9,90,0,0,0,1,
2026-10-06,sushi,,DEXs,dex_volume,100.0,90,0,0,0,0,
2026-10-06,sx-bet,SX Bet,Prediction Market,fees,96.5,85,2,1,0,0,2026-07-15:7.91
2026-10-06,sx-bet,SX Bet,Prediction Market,revenue,96.5,85,2,1,0,0,2026-07-15:7.91
2026-10-06,sx-bet,SX Bet,Prediction Market,value_locked,100.0,26,0,0,0,0,
2026-10-06,symbiotic,Symbiotic,Collateral Markets,fees,94.4,90,1,4,0,0,2026-08-13:6013.64; 2026-08-17:8.57; 2026-09-21:114.53; 2026-10-02:17.98
2026-10-06,symbiotic,Symbiotic,Collateral Markets,revenue,98.9,90,1,0,0,0,
2026-10-06,symbiotic,Symbiotic,Collateral Markets,value_locked,98.9,90,1,0,0,0,
2026-10-06,syrup,Maple Finance,Lending,fees,92.2,90,0,7,0,0,2026-07-10:6.37; 2026-07-22:11.57; 2026-07-30:23.72; 2026-08-17:5.82; 2026-09-14:54.32; 2026-09-25:5.35; 2026-09-30:8.56
2026-10-06,syrup,Maple Finance,Lending,revenue_to_holders,92.2,90,0,7,0,0,2026-07-10:5.65; 2026-07-22:10.63; 2026-07-30:19.08; 2026-08-17:5.85; 2026-09-14:48.31; 2026-09-25:5.6; 2026-09-30:10.68
2026-10-06,syrup,Maple Finance,Lending,revenue,92.2,90,0,7,0,0,2026-07-10:5.65; 2026-07-22:10.63; 2026-07-30:19.07; 2026-08-17:5.85; 2026-09-14:48.29; 2026-09-25:5.6; 2026-09-30:10.68
2026-10-06,tangible-rwa,Tangible RWA,RWA other,fees,98.9,90,1,0,0,0,
2026-10-06,tangible-rwa,Tangible RWA,RWA other,revenue,98.9,90,1,0,0,0,
2026-10-06,tangible-rwa,Tangible RWA,RWA other,value_locked,100.0,90,0,0,0,0,
2026-10-06,tbtc,tBTC,Decentralized BTC,fees,95.6,90,1,3,0,0,2026-07-31:7.67; 2026-08-05:7.11; 2026-09-11:17.53
2026-10-06,tbtc,tBTC,Decentralized BTC,revenue_to_holders,98.9,90,1,0,0,0,
2026-10-06,tbtc,tBTC,Decentralized BTC,revenue,95.6,90,1,3,0,0,2026-07-31:7.67; 2026-08-05:7.11; 2026-09-11:17.53
2026-10-06,tbtc,tBTC,Decentralized BTC,value_locked,100.0,90,0,0,0,0,
2026-10-06,telos-consilium,Telos Consilium,Risk Curators,fees,98.9,90,1,0,0,0,
2026-10-06,telos-consilium,Telos Consilium,Risk Curators,revenue,98.9,90,1,0,0,0,
2026-10-06,telos-consilium,Telos Consilium,Risk Curators,value_locked,100.0,90,0,0,0,0,
2026-10-06,tether-gold,Tether Gold,RWA other,fees,98.9,90,1,0,0,0,
2026-10-06,tether-gold,Tether Gold,RWA other,revenue,98.9,90,1,0,0,0,
2026-10-06,tether-gold,Tether Gold,RWA other,value_locked,76.7,90,21,0,0,0,
2026-10-06,tezos,Tezos,Chains,fees,97.8,90,0,2,0,0,2026-08-16:16.12; 2026-09-04:7.51
2026-10-06,tezos,Tezos,Chains,stablecoin_supply,100.0,90,0,0,0,0,
2026-10-06,tezos,Tezos,Chains,value_locked,100.0,90,0,0,0,0,
2026-10-06,the-graph,The Graph,Developer Tools,fees,85.6,90,0,5,0,9,2026-08-15:22.38; 2026-08-23:7.76; 2026-09-05:24.6; 2026-09-21:6.23; 2026-10-04:5.43
2026-10-06,the-graph,The Graph,Developer Tools,revenue_to_holders,100.0,90,0,0,0,0,
2026-10-06,the-graph,The Graph,Developer Tools,revenue,100.0,90,0,0,0,0,
2026-10-06,the-graph,The Graph,Developer Tools,value_locked,100.0,90,0,0,0,0,
2026-10-06,the-open-network,Toncoin,Chains,fees,100.0,90,0,0,0,0,
2026-10-06,the-open-network,Toncoin,Chains,stablecoin_supply,100.0,90,0,0,0,0,
2026-10-06,the-open-network,Toncoin,Chains,value_locked,96.7,90,0,0,0,3,
2026-10-06,the-vault-liquid-staking,The Vault Liquid Staking,Liquid Staking,fees,88.9,90,1,9,0,0,2026-07-27:13499.76; 2026-07-29:13771.64; 2026-07-31:13770.66; 2026-08-04:4464.71; 2026-08-06:4535.94; 2026-08-08:2819.03; 2026-08-10:2825.27; 2026-08-13:2865.61; 2026-08-15:2554.72
2026-10-06,the-vault-liquid-staking,The Vault Liquid Staking,Liquid Staking,revenue_to_holders,98.9,90,1,0,0,0,
2026-10-06,the-vault-liquid-staking,The Vault Liquid Staking,Liquid Staking,revenue,87.8,90,1,10,0,0,2026-07-10:869.17; 2026-07-12:815.55; 2026-07-29:707.58; 2026-07-31:712.96; 2026-08-17:133.0; 2026-08-28:223.54; 2026-08-30:527.39; 2026-09-02:2228.35; 2026-09-05:4893.55; 2026-09-10:299.16
2026-10-06,the-vault-liquid-staking,The Vault Liquid Staking,Liquid Staking,value_locked,100.0,90,0,0,0,0,
2026-10-06,theo-network-thusd,Theo Network thUSD,RWA other,value_locked,100.0,27,0,0,0,0,
2026-10-06,thorchain,THORChain,Chains,fees,100.0,90,0,0,0,0,
2026-10-06,thorchain,THORChain,Chains,value_locked,97.8,90,0,0,0,2,
2026-10-06,tonstakers-lsd,Tonstakers LSD,Liquid Staking,fees,98.9,90,1,0,0,0,
2026-10-06,tonstakers-lsd,Tonstakers LSD,Liquid Staking,revenue,98.9,90,1,0,0,0,
2026-10-06,tonstakers-lsd,Tonstakers LSD,Liquid Staking,value_locked,100.0,90,0,0,0,0,
2026-10-06,tornado-cash,Tornado Cash,Privacy,fees,97.8,90,1,0,0,1,
2026-10-06,tornado-cash,Tornado Cash,Privacy,revenue,98.9,90,1,0,0,0,
2026-10-06,tornado-cash,Tornado Cash,Privacy,value_locked,100.0,90,0,0,0,0,
2026-10-06,tron,TRON,Chains,fees,98.9,90,1,0,0,0,
2026-10-06,tron,TRON,Chains,stablecoin_supply,27.8,90,0,0,0,65,
2026-10-06,tron,TRON,Chains,value_locked,100.0,90,0,0,0,0,
2026-10-06,trueo,Trueo,Prediction Market,fees,75.6,90,5,0,0,17,
2026-10-06,trueo,Trueo,Prediction Market,revenue_to_holders,94.4,90,5,0,0,0,
2026-10-06,trueo,Trueo,Prediction Market,revenue,75.6,90,5,0,0,17,
2026-10-06,trueo,Trueo,Prediction Market,value_locked,100.0,90,0,0,0,0,
2026-10-06,trust-wallet-token,Trust Wallet,Wallets,fees,97.8,90,0,0,0,2,
2026-10-06,trust-wallet-token,Trust Wallet,Wallets,revenue_to_holders,100.0,90,0,0,0,0,
2026-10-06,trust-wallet-token,Trust Wallet,Wallets,revenue,97.8,90,0,0,0,2,
2026-10-06,turbo,Turbo,DEXs,dex_volume,100.0,90,0,0,0,0,
2026-10-06,tydro,Tydro,Lending,fees,98.9,90,1,0,0,0,
2026-10-06,tydro,Tydro,Lending,revenue,98.9,90,1,0,0,0,
2026-10-06,tydro,Tydro,Lending,value_locked,100.0,90,0,0,0,0,
2026-10-06,uncx-network-v2,UNCX Network V2,Token Locker,fees,91.1,90,1,7,0,0,2026-07-23:15.25; 2026-08-06:5.25; 2026-08-14:7.22; 2026-09-04:5.16; 2026-09-09:5.42; 2026-09-14:11.07; 2026-09-26:8.03
2026-10-06,uncx-network-v2,UNCX Network V2,Token Locker,revenue_to_holders,98.9,90,1,0,0,0,
2026-10-06,uncx-network-v2,UNCX Network V2,Token Locker,revenue,91.1,90,1,7,0,0,2026-07-23:15.25; 2026-08-06:5.25; 2026-08-14:7.22; 2026-09-04:5.16; 2026-09-09:5.42; 2026-09-14:11.07; 2026-09-26:8.03
2026-10-06,uncx-network-v2,UNCX Network V2,Token Locker,value_locked,97.8,90,2,0,0,0,
2026-10-06,uniswap,Uniswap,DEXs,fees,20.0,90,0,0,0,72,
2026-10-06,uniswap,Uniswap,DEXs,revenue_to_holders,36.7,90,0,0,0,57,
2026-10-06,uniswap,Uniswap,DEXs,revenue,36.7,90,0,0,0,57,
2026-10-06,uniswap,Uniswap,DEXs,value_locked,100.0,90,0,0,0,0,
2026-10-06,uniswap,Uniswap,DEXs,dex_volume,37.8,90,0,0,0,56,
2026-10-06,uniswap-v2,Uniswap V2,DEXs,fees,95.6,90,4,0,0,0,
2026-10-06,uniswap-v2,Uniswap V2,DEXs,revenue_to_holders,95.6,90,4,0,0,0,
2026-10-06,uniswap-v2,Uniswap V2,DEXs,revenue,95.6,90,4,0,0,0,
2026-10-06,uniswap-v2,Uniswap V2,DEXs,value_locked,100.0,90,0,0,0,0,
2026-10-06,uniswap-v2,Uniswap V2,DEXs,dex_volume,100.0,90,0,0,0,0,
2026-10-06,uniswap-v4,Uniswap V4,DEXs,fees,51.1,90,1,0,0,43,
2026-10-06,uniswap-v4,Uniswap V4,DEXs,revenue_to_holders,98.9,90,1,0,0,0,
2026-10-06,uniswap-v4,Uniswap V4,DEXs,revenue,98.9,90,1,0,0,0,
2026-10-06,uniswap-v4,Uniswap V4,DEXs,value_locked,100.0,90,0,0,0,0,
2026-10-06,uniswap-v4,Uniswap V4,DEXs,dex_volume,61.1,90,0,0,0,35,
2026-10-06,unit,Unit,Liquidity bridges,fees,98.9,90,1,0,0,0,
2026-10-06,unit,Unit,Liquidity bridges,revenue_to_holders,98.9,90,1,0,0,0,
2026-10-06,unit,Unit,Liquidity bridges,revenue,98.9,90,1,0,0,0,
2026-10-06,unit,Unit,Liquidity bridges,value_locked,100.0,90,0,0,0,0,
2026-10-06,upshift,Upshift,Onchain Capital Allocator,fees,98.9,90,1,0,0,0,
2026-10-06,upshift,Upshift,Onchain Capital Allocator,revenue,98.9,90,1,0,0,0,
2026-10-06,upshift,Upshift,Onchain Capital Allocator,value_locked,100.0,90,0,0,0,0,
2026-10-06,usd-ai,USD AI,RWA private credit,fees,98.9,90,0,1,0,0,2026-10-05:5.38
2026-10-06,usd-ai,USD AI,RWA private credit,revenue_to_holders,100.0,90,0,0,0,0,
2026-10-06,usd-ai,USD AI,RWA private credit,revenue,98.9,90,0,1,0,0,2026-10-05:5.38
2026-10-06,usd-ai,USD AI,RWA private credit,value_locked,100.0,90,0,0,0,0,
2026-10-06,usdd,USDD,CDP,fees,98.9,90,1,0,0,0,
2026-10-06,usdd,USDD,CDP,revenue,98.9,90,1,0,0,0,
2026-10-06,usdd,USDD,CDP,value_locked,100.0,90,0,0,0,0,
2026-10-06,usdt0,USDT0,Liquidity bridges,value_locked,100.0,90,0,0,0,0,
2026-10-06,use,USE,Algo-Stables,value_locked,100.0,90,0,0,0,0,
2026-10-06,usual-usd0,Usual USD0,RWA tokenized treasuries,fees,96.7,90,1,2,0,0,2026-08-06:8.07; 2026-09-08:7.43
2026-10-06,usual-usd0,Usual USD0,RWA tokenized treasuries,revenue_to_holders,92.2,90,1,6,0,0,2026-07-18:53.33; 2026-08-02:5.25; 2026-08-09:201.15; 2026-08-20:191.13; 2026-09-16:15.72; 2026-09-18:12.14
2026-10-06,usual-usd0,Usual USD0,RWA tokenized treasuries,revenue,96.7,90,1,2,0,0,2026-08-06:8.52; 2026-09-08:7.71
2026-10-06,usual-usd0,Usual USD0,RWA tokenized treasuries,value_locked,100.0,90,0,0,0,0,
2026-10-06,valos,Valos,RWA other,value_locked,100.0,75,0,0,0,0,
2026-10-06,vechain,VeChain,Chains,stablecoin_supply,98.9,90,1,0,0,0,
2026-10-06,vechain,VeChain,Chains,value_locked,96.7,90,0,0,1,2,2026-07-13:0.25
2026-10-06,veda,Veda,Onchain Capital Allocator,fees,98.9,90,1,0,0,0,
2026-10-06,veda,Veda,Onchain Capital Allocator,revenue,98.9,90,1,0,0,0,
2026-10-06,veda,Veda,Onchain Capital Allocator,value_locked,100.0,90,0,0,0,0,
2026-10-06,venus-core-pool,Venus Core Pool,Lending,fees,96.7,90,1,1,0,1,2026-08-20:5.48
2026-10-06,venus-core-pool,Venus Core Pool,Lending,revenue_to_holders,96.7,90,1,1,0,1,2026-08-20:11.39
2026-10-06,venus-core-pool,Venus Core Pool,Lending,revenue,96.7,90,1,1,0,1,2026-07-12:6.31
2026-10-06,venus-core-pool,Venus Core Pool,Lending,value_locked,100.0,90,0,0,0,0,
2026-10-06,veranta,Veranta,Derivatives,fees,97.8,90,1,1,0,0,2026-08-19:9.36
2026-10-06,veranta,Veranta,Derivatives,revenue,98.9,90,1,0,0,0,
2026-10-06,veranta,Veranta,Derivatives,value_locked,100.0,90,0,0,0,0,
2026-10-06,wbtc,WBTC,Liquidity bridges,fees,98.9,90,1,0,0,0,
2026-10-06,wbtc,WBTC,Liquidity bridges,revenue,98.9,90,1,0,0,0,
2026-10-06,wbtc,WBTC,Liquidity bridges,value_locked,100.0,90,0,0,0,0,
2026-10-06,wisdomtree,WisdomTree,RWA tokenized treasuries,fees,91.1,90,8,0,0,0,
2026-10-06,wisdomtree,WisdomTree,RWA tokenized treasuries,revenue,91.1,90,8,0,0,0,
2026-10-06,wisdomtree,WisdomTree,RWA tokenized treasuries,value_locked,76.7,90,21,0,0,0,
2026-10-06,world,world,Prediction Market,value_locked,96.7,90,2,0,1,0,2026-07-20:0.43
2026-10-06,world-chain,World Chain,Canonical Bridge,fees,98.9,90,1,0,0,0,
2026-10-06,world-chain,World Chain,Canonical Bridge,value_locked,100.0,90,0,0,0,0,
2026-10-06,worldcoin-wld,Worldcoin,Chains,fees,100.0,90,0,0,0,0,
2026-10-06,worldcoin-wld,Worldcoin,Chains,stablecoin_supply,100.0,90,0,0,0,0,
2026-10-06,worldcoin-wld,Worldcoin,Chains,value_locked,94.4,90,0,0,0,5,
2026-10-06,xdai-stake-bridge,xDAI Stake Bridge,Canonical Bridge,value_locked,100.0,90,0,0,0,0,
2026-10-06,xstocks,xStocks,RWA other,value_locked,71.1,90,26,0,0,0,
2026-10-06,xusd-money,XUSD Money,Algo-Stables,value_locked,100.0,90,0,0,0,0,
2026-10-06,yearn-finance,Yearn Finance,Yield Aggregator,fees,98.9,90,1,0,0,0,
2026-10-06,yearn-finance,Yearn Finance,Yield Aggregator,revenue_to_holders,98.9,90,1,0,0,0,
2026-10-06,yearn-finance,Yearn Finance,Yield Aggregator,revenue,98.9,90,1,0,0,0,
2026-10-06,yearn-finance,Yearn Finance,Yield Aggregator,value_locked,100.0,90,0,0,0,0,
2026-10-06,yield-basis,Yield Basis,Leveraged Farming,fees,97.8,90,1,1,0,0,2026-08-25:12.33
2026-10-06,yield-basis,Yield Basis,Leveraged Farming,revenue_to_holders,98.9,90,1,0,0,0,
2026-10-06,yield-basis,Yield Basis,Leveraged Farming,revenue,98.9,90,1,0,0,0,
2026-10-06,yield-basis,Yield Basis,Leveraged Farming,value_locked,100.0,90,0,0,0,0,
2026-10-06,zcash,Zcash,Chains,fees,100.0,90,0,0,0,0,
2026-10-06,zcash,Zcash,Chains,value_locked,98.9,90,0,0,0,1,
2026-10-06,zethr,Zethr,Prediction Market,value_locked,100.0,90,0,0,0,0,
2026-10-06,zksync-era,zkSync Era,Chains,stablecoin_supply,100.0,90,0,0,0,0,
2026-10-06,zksync-era,zkSync Era,Chains,transactions,98.9,90,1,0,0,0,
2026-10-06,zksync-era-txbridge,zkSync Era txBridge,Canonical Bridge,value_locked,100.0,90,0,0,0,0,
